cms_certification_number_ccn,measure_code,score,footnote,start_date,end_date,measure_date_range
NATION,L_006_01_NATL_SIR,0.774,-,10/01/2023,09/30/2024,-
NATION,L_007_01_NATL_SIR,0.794,-,10/01/2023,09/30/2024,-
NATION,L_011_05_NATL_OBS_RATE,6.11,-,01/01/2023,12/31/2024,-
NATION,L_012_01_NATL_OBS_RATE,0.10,-,01/01/2024,12/31/2024,-
NATION,L_014_01_NATL_SIR,0.279,-,10/01/2023,09/30/2024,-
NATION,L_015_01_NATL_OBS_RATE,71.50,-,10/01/2023,03/31/2024,-
NATION,L_017_01_PPR_PD_NATL_OBS_RATE,20.09,-,10/01/2021,09/30/2023,-
NATION,L_017_01_PPR_PD_N_BETTER_NATL,13,-,10/01/2021,09/30/2023,-
NATION,L_017_01_PPR_PD_N_NO_DIFF_NATL,302,-,10/01/2021,09/30/2023,-
NATION,L_017_01_PPR_PD_N_TOO_SMALL,13,-,10/01/2021,09/30/2023,-
NATION,L_017_01_PPR_PD_N_WORSE_NATL,13,-,10/01/2021,09/30/2023,-
NATION,L_018_02_DTC_NATL_OBS_RATE,18.05,-,10/01/2021,09/30/2023,-
NATION,L_018_02_DTC_N_BETTER_NATL,53,-,10/01/2021,09/30/2023,-
NATION,L_018_02_DTC_N_NO_DIFF_NATL,228,-,10/01/2021,09/30/2023,-
NATION,L_018_02_DTC_N_TOO_SMALL,13,-,10/01/2021,09/30/2023,-
NATION,L_018_02_DTC_N_WORSE_NATL,48,-,10/01/2021,09/30/2023,-
NATION,L_019_01_NATL_MSPB_SCORE,1.00,-,10/01/2021,09/30/2023,-
NATION,L_020_01_NATL_OBS_RATE,94.47,-,01/01/2024,12/31/2024,-
NATION,L_021_01_NATL_OBS_RATE,2.42,-,01/01/2024,12/31/2024,-
NATION,L_022_02_NATL_OBS_RATE_C1,95.38,-,01/01/2024,12/31/2024,-
NATION,L_022_02_NATL_OBS_RATE_C2,96.92,-,01/01/2024,12/31/2024,-
NATION,L_023_02_NATL_OBS_RATE,52.75,-,01/01/2024,12/31/2024,-
NATION,L_024_02_NATL_OBS_RATE,5.30,-,10/01/2024,12/31/2024,-
NATION,L_025_01_NATL_OBS_RATE,86.35,-,01/01/2024,12/31/2024,-
NATION,L_026_02_NATL_OBS_RATE,89.26,-,01/01/2024,12/31/2024,-
NATION,L_027_01_NATL_OBS_RATE,48.50,-,01/01/2024,12/31/2024,-
NATION,L_028_02_NATL_OBS_RATE,11.83,-,10/01/2024,12/31/2024,-
