facility_id,facility_name,hospital_type,address,city_town,state,zip_code,county_parish,measure_id,measure_name,score,footnote,start_date,end_date
050146,CITY OF HOPE HELFORD CLINICAL RESEARCH HOSPITAL,Acute Care Hospitals,1500 E DUARTE ROAD,DUARTE,CA,91010,LOS ANGELES,PCH_26_DOPC,Clostridium Difficile (C.Diff): Patient Days,77137,,01/01/2024,12/31/2024
050146,CITY OF HOPE HELFORD CLINICAL RESEARCH HOSPITAL,Acute Care Hospitals,1500 E DUARTE ROAD,DUARTE,CA,91010,LOS ANGELES,PCH_26_ELIGCASES,Clostridium Difficile (C.Diff): Predicted Cases,81.887,,01/01/2024,12/31/2024
050146,CITY OF HOPE HELFORD CLINICAL RESEARCH HOSPITAL,Acute Care Hospitals,1500 E DUARTE ROAD,DUARTE,CA,91010,LOS ANGELES,PCH_26_NUMERATOR,Clostridium Difficile (C.Diff): Actual Infections,55,,01/01/2024,12/31/2024
050146,CITY OF HOPE HELFORD CLINICAL RESEARCH HOSPITAL,Acute Care Hospitals,1500 E DUARTE ROAD,DUARTE,CA,91010,LOS ANGELES,PCH_26_SIR,Clostridium Difficile (C.Diff): SIR,0.672,,01/01/2024,12/31/2024
050146,CITY OF HOPE HELFORD CLINICAL RESEARCH HOSPITAL,Acute Care Hospitals,1500 E DUARTE ROAD,DUARTE,CA,91010,LOS ANGELES,PCH_27_DOPC,MRSA Bacteremia: Patient Days,77137,,01/01/2024,12/31/2024
050146,CITY OF HOPE HELFORD CLINICAL RESEARCH HOSPITAL,Acute Care Hospitals,1500 E DUARTE ROAD,DUARTE,CA,91010,LOS ANGELES,PCH_27_ELIGCASES,MRSA Bacteremia: Predicted Cases,7.411,,01/01/2024,12/31/2024
050146,CITY OF HOPE HELFORD CLINICAL RESEARCH HOSPITAL,Acute Care Hospitals,1500 E DUARTE ROAD,DUARTE,CA,91010,LOS ANGELES,PCH_27_NUMERATOR,MRSA Bacteremia: Actual Infections,4,,01/01/2024,12/31/2024
050146,CITY OF HOPE HELFORD CLINICAL RESEARCH HOSPITAL,Acute Care Hospitals,1500 E DUARTE ROAD,DUARTE,CA,91010,LOS ANGELES,PCH_27_SIR,MRSA Bacteremia: SIR,0.540,,01/01/2024,12/31/2024
050146,CITY OF HOPE HELFORD CLINICAL RESEARCH HOSPITAL,Acute Care Hospitals,1500 E DUARTE ROAD,DUARTE,CA,91010,LOS ANGELES,PCH_28_FAC_ADHPCT,Influenza Vaccination Coverage among Healthcare Personnel: Adherence Rate,91,,10/01/2024,03/31/2025
050146,CITY OF HOPE HELFORD CLINICAL RESEARCH HOSPITAL,Acute Care Hospitals,1500 E DUARTE ROAD,DUARTE,CA,91010,LOS ANGELES,PCH_28_FAC_DEN,Influenza Vaccination Coverage among Healthcare Personnel: Denominator,7143,,10/01/2024,03/31/2025
050146,CITY OF HOPE HELFORD CLINICAL RESEARCH HOSPITAL,Acute Care Hospitals,1500 E DUARTE ROAD,DUARTE,CA,91010,LOS ANGELES,PCH_38_FAC_ADHPCT,Percentage of healthcare personnel who are up to date with COVID-19 vaccinations: Adherence Rate,28.3,,10/01/2024,12/31/2024
050146,CITY OF HOPE HELFORD CLINICAL RESEARCH HOSPITAL,Acute Care Hospitals,1500 E DUARTE ROAD,DUARTE,CA,91010,LOS ANGELES,PCH_38_FAC_DEN,Percentage of healthcare personnel who are up to date with COVID-19 vaccinations: Denominator,13403,,10/01/2024,12/31/2024
050146,CITY OF HOPE HELFORD CLINICAL RESEARCH HOSPITAL,Acute Care Hospitals,1500 E DUARTE ROAD,DUARTE,CA,91010,LOS ANGELES,PCH_4_DOPC,Central Line-Associated Bloodstream Infection (CLABSI): Number of Procedures,59059,,01/01/2024,12/31/2024
050146,CITY OF HOPE HELFORD CLINICAL RESEARCH HOSPITAL,Acute Care Hospitals,1500 E DUARTE ROAD,DUARTE,CA,91010,LOS ANGELES,PCH_4_ELIGCASES,Central Line-Associated Bloodstream Infection (CLABSI): Predicted Cases,57.760,,01/01/2024,12/31/2024
050146,CITY OF HOPE HELFORD CLINICAL RESEARCH HOSPITAL,Acute Care Hospitals,1500 E DUARTE ROAD,DUARTE,CA,91010,LOS ANGELES,PCH_4_NUMERATOR,Central Line-Associated Bloodstream Infection (CLABSI): Actual Infections,74,,01/01/2024,12/31/2024
050146,CITY OF HOPE HELFORD CLINICAL RESEARCH HOSPITAL,Acute Care Hospitals,1500 E DUARTE ROAD,DUARTE,CA,91010,LOS ANGELES,PCH_4_SIR,Central Line-Associated Bloodstream Infection (CLABSI): SIR,1.281,,01/01/2024,12/31/2024
050146,CITY OF HOPE HELFORD CLINICAL RESEARCH HOSPITAL,Acute Care Hospitals,1500 E DUARTE ROAD,DUARTE,CA,91010,LOS ANGELES,PCH_5_DOPC,Catheter-Associated Urinary Tract Infections (CAUTI): Number of Procedures,12773,,01/01/2024,12/31/2024
050146,CITY OF HOPE HELFORD CLINICAL RESEARCH HOSPITAL,Acute Care Hospitals,1500 E DUARTE ROAD,DUARTE,CA,91010,LOS ANGELES,PCH_5_ELIGCASES,Catheter-Associated Urinary Tract Infections (CAUTI): Predicted Cases,14.122,,01/01/2024,12/31/2024
050146,CITY OF HOPE HELFORD CLINICAL RESEARCH HOSPITAL,Acute Care Hospitals,1500 E DUARTE ROAD,DUARTE,CA,91010,LOS ANGELES,PCH_5_NUMERATOR,Catheter-Associated Urinary Tract Infections (CAUTI): Actual Infections,10,,01/01/2024,12/31/2024
050146,CITY OF HOPE HELFORD CLINICAL RESEARCH HOSPITAL,Acute Care Hospitals,1500 E DUARTE ROAD,DUARTE,CA,91010,LOS ANGELES,PCH_5_SIR,Catheter-Associated Urinary Tract Infections (CAUTI): SIR,0.708,,01/01/2024,12/31/2024
050146,CITY OF HOPE HELFORD CLINICAL RESEARCH HOSPITAL,Acute Care Hospitals,1500 E DUARTE ROAD,DUARTE,CA,91010,LOS ANGELES,PCH_6_DOPC,SSI - Colon Surgery: Number of Procedures,474,,01/01/2024,12/31/2024
050146,CITY OF HOPE HELFORD CLINICAL RESEARCH HOSPITAL,Acute Care Hospitals,1500 E DUARTE ROAD,DUARTE,CA,91010,LOS ANGELES,PCH_6_ELIGCASES,SSI - Colon Surgery: Predicted Cases,22.648,,01/01/2024,12/31/2024
050146,CITY OF HOPE HELFORD CLINICAL RESEARCH HOSPITAL,Acute Care Hospitals,1500 E DUARTE ROAD,DUARTE,CA,91010,LOS ANGELES,PCH_6_NUMERATOR,SSI - Colon Surgery: Actual Infections,15,,01/01/2024,12/31/2024
050146,CITY OF HOPE HELFORD CLINICAL RESEARCH HOSPITAL,Acute Care Hospitals,1500 E DUARTE ROAD,DUARTE,CA,91010,LOS ANGELES,PCH_6_SIR,SSI - Colon Surgery: SIR,0.662,,01/01/2024,12/31/2024
050146,CITY OF HOPE HELFORD CLINICAL RESEARCH HOSPITAL,Acute Care Hospitals,1500 E DUARTE ROAD,DUARTE,CA,91010,LOS ANGELES,PCH_7_DOPC,SSI - Abdominal Hysterectomy: Number of Procedures,254,,01/01/2024,12/31/2024
050146,CITY OF HOPE HELFORD CLINICAL RESEARCH HOSPITAL,Acute Care Hospitals,1500 E DUARTE ROAD,DUARTE,CA,91010,LOS ANGELES,PCH_7_ELIGCASES,SSI - Abdominal Hysterectomy: Predicted Cases,4.025,,01/01/2024,12/31/2024
050146,CITY OF HOPE HELFORD CLINICAL RESEARCH HOSPITAL,Acute Care Hospitals,1500 E DUARTE ROAD,DUARTE,CA,91010,LOS ANGELES,PCH_7_NUMERATOR,SSI - Abdominal Hysterectomy: Actual Infections,1,,01/01/2024,12/31/2024
050146,CITY OF HOPE HELFORD CLINICAL RESEARCH HOSPITAL,Acute Care Hospitals,1500 E DUARTE ROAD,DUARTE,CA,91010,LOS ANGELES,PCH_7_SIR,SSI - Abdominal Hysterectomy: SIR,0.248,,01/01/2024,12/31/2024
050660,USC KENNETH NORRIS JR CANCER HOSPITAL,Acute Care Hospitals,1441 EASTLAKE AVE,LOS ANGELES,CA,90089,LOS ANGELES,PCH_26_DOPC,Clostridium Difficile (C.Diff): Patient Days,17521,,01/01/2024,12/31/2024
050660,USC KENNETH NORRIS JR CANCER HOSPITAL,Acute Care Hospitals,1441 EASTLAKE AVE,LOS ANGELES,CA,90089,LOS ANGELES,PCH_26_ELIGCASES,Clostridium Difficile (C.Diff): Predicted Cases,24.291,,01/01/2024,12/31/2024
050660,USC KENNETH NORRIS JR CANCER HOSPITAL,Acute Care Hospitals,1441 EASTLAKE AVE,LOS ANGELES,CA,90089,LOS ANGELES,PCH_26_NUMERATOR,Clostridium Difficile (C.Diff): Actual Infections,15,,01/01/2024,12/31/2024
050660,USC KENNETH NORRIS JR CANCER HOSPITAL,Acute Care Hospitals,1441 EASTLAKE AVE,LOS ANGELES,CA,90089,LOS ANGELES,PCH_26_SIR,Clostridium Difficile (C.Diff): SIR,0.618,,01/01/2024,12/31/2024
050660,USC KENNETH NORRIS JR CANCER HOSPITAL,Acute Care Hospitals,1441 EASTLAKE AVE,LOS ANGELES,CA,90089,LOS ANGELES,PCH_27_DOPC,MRSA Bacteremia: Patient Days,17521,,01/01/2024,12/31/2024
050660,USC KENNETH NORRIS JR CANCER HOSPITAL,Acute Care Hospitals,1441 EASTLAKE AVE,LOS ANGELES,CA,90089,LOS ANGELES,PCH_27_ELIGCASES,MRSA Bacteremia: Predicted Cases,1.811,,01/01/2024,12/31/2024
050660,USC KENNETH NORRIS JR CANCER HOSPITAL,Acute Care Hospitals,1441 EASTLAKE AVE,LOS ANGELES,CA,90089,LOS ANGELES,PCH_27_NUMERATOR,MRSA Bacteremia: Actual Infections,0,,01/01/2024,12/31/2024
050660,USC KENNETH NORRIS JR CANCER HOSPITAL,Acute Care Hospitals,1441 EASTLAKE AVE,LOS ANGELES,CA,90089,LOS ANGELES,PCH_27_SIR,MRSA Bacteremia: SIR,0.000,,01/01/2024,12/31/2024
050660,USC KENNETH NORRIS JR CANCER HOSPITAL,Acute Care Hospitals,1441 EASTLAKE AVE,LOS ANGELES,CA,90089,LOS ANGELES,PCH_28_FAC_ADHPCT,Influenza Vaccination Coverage among Healthcare Personnel: Adherence Rate,88,,10/01/2024,03/31/2025
050660,USC KENNETH NORRIS JR CANCER HOSPITAL,Acute Care Hospitals,1441 EASTLAKE AVE,LOS ANGELES,CA,90089,LOS ANGELES,PCH_28_FAC_DEN,Influenza Vaccination Coverage among Healthcare Personnel: Denominator,3106,,10/01/2024,03/31/2025
050660,USC KENNETH NORRIS JR CANCER HOSPITAL,Acute Care Hospitals,1441 EASTLAKE AVE,LOS ANGELES,CA,90089,LOS ANGELES,PCH_38_FAC_ADHPCT,Percentage of healthcare personnel who are up to date with COVID-19 vaccinations: Adherence Rate,47.1,,10/01/2024,12/31/2024
050660,USC KENNETH NORRIS JR CANCER HOSPITAL,Acute Care Hospitals,1441 EASTLAKE AVE,LOS ANGELES,CA,90089,LOS ANGELES,PCH_38_FAC_DEN,Percentage of healthcare personnel who are up to date with COVID-19 vaccinations: Denominator,2889,,10/01/2024,12/31/2024
050660,USC KENNETH NORRIS JR CANCER HOSPITAL,Acute Care Hospitals,1441 EASTLAKE AVE,LOS ANGELES,CA,90089,LOS ANGELES,PCH_4_DOPC,Central Line-Associated Bloodstream Infection (CLABSI): Number of Procedures,12096,,01/01/2024,12/31/2024
050660,USC KENNETH NORRIS JR CANCER HOSPITAL,Acute Care Hospitals,1441 EASTLAKE AVE,LOS ANGELES,CA,90089,LOS ANGELES,PCH_4_ELIGCASES,Central Line-Associated Bloodstream Infection (CLABSI): Predicted Cases,10.985,,01/01/2024,12/31/2024
050660,USC KENNETH NORRIS JR CANCER HOSPITAL,Acute Care Hospitals,1441 EASTLAKE AVE,LOS ANGELES,CA,90089,LOS ANGELES,PCH_4_NUMERATOR,Central Line-Associated Bloodstream Infection (CLABSI): Actual Infections,10,,01/01/2024,12/31/2024
050660,USC KENNETH NORRIS JR CANCER HOSPITAL,Acute Care Hospitals,1441 EASTLAKE AVE,LOS ANGELES,CA,90089,LOS ANGELES,PCH_4_SIR,Central Line-Associated Bloodstream Infection (CLABSI): SIR,0.910,,01/01/2024,12/31/2024
050660,USC KENNETH NORRIS JR CANCER HOSPITAL,Acute Care Hospitals,1441 EASTLAKE AVE,LOS ANGELES,CA,90089,LOS ANGELES,PCH_5_DOPC,Catheter-Associated Urinary Tract Infections (CAUTI): Number of Procedures,2158,,01/01/2024,12/31/2024
050660,USC KENNETH NORRIS JR CANCER HOSPITAL,Acute Care Hospitals,1441 EASTLAKE AVE,LOS ANGELES,CA,90089,LOS ANGELES,PCH_5_ELIGCASES,Catheter-Associated Urinary Tract Infections (CAUTI): Predicted Cases,1.883,,01/01/2024,12/31/2024
050660,USC KENNETH NORRIS JR CANCER HOSPITAL,Acute Care Hospitals,1441 EASTLAKE AVE,LOS ANGELES,CA,90089,LOS ANGELES,PCH_5_NUMERATOR,Catheter-Associated Urinary Tract Infections (CAUTI): Actual Infections,1,,01/01/2024,12/31/2024
050660,USC KENNETH NORRIS JR CANCER HOSPITAL,Acute Care Hospitals,1441 EASTLAKE AVE,LOS ANGELES,CA,90089,LOS ANGELES,PCH_5_SIR,Catheter-Associated Urinary Tract Infections (CAUTI): SIR,0.531,,01/01/2024,12/31/2024
050660,USC KENNETH NORRIS JR CANCER HOSPITAL,Acute Care Hospitals,1441 EASTLAKE AVE,LOS ANGELES,CA,90089,LOS ANGELES,PCH_6_DOPC,SSI - Colon Surgery: Number of Procedures,Not Available,12,01/01/2024,12/31/2024
050660,USC KENNETH NORRIS JR CANCER HOSPITAL,Acute Care Hospitals,1441 EASTLAKE AVE,LOS ANGELES,CA,90089,LOS ANGELES,PCH_6_ELIGCASES,SSI - Colon Surgery: Predicted Cases,Not Available,12,01/01/2024,12/31/2024
050660,USC KENNETH NORRIS JR CANCER HOSPITAL,Acute Care Hospitals,1441 EASTLAKE AVE,LOS ANGELES,CA,90089,LOS ANGELES,PCH_6_NUMERATOR,SSI - Colon Surgery: Actual Infections,Not Available,12,01/01/2024,12/31/2024
050660,USC KENNETH NORRIS JR CANCER HOSPITAL,Acute Care Hospitals,1441 EASTLAKE AVE,LOS ANGELES,CA,90089,LOS ANGELES,PCH_6_SIR,SSI - Colon Surgery: SIR,Not Available,12,01/01/2024,12/31/2024
050660,USC KENNETH NORRIS JR CANCER HOSPITAL,Acute Care Hospitals,1441 EASTLAKE AVE,LOS ANGELES,CA,90089,LOS ANGELES,PCH_7_DOPC,SSI - Abdominal Hysterectomy: Number of Procedures,Not Available,12,01/01/2024,12/31/2024
050660,USC KENNETH NORRIS JR CANCER HOSPITAL,Acute Care Hospitals,1441 EASTLAKE AVE,LOS ANGELES,CA,90089,LOS ANGELES,PCH_7_ELIGCASES,SSI - Abdominal Hysterectomy: Predicted Cases,Not Available,12,01/01/2024,12/31/2024
050660,USC KENNETH NORRIS JR CANCER HOSPITAL,Acute Care Hospitals,1441 EASTLAKE AVE,LOS ANGELES,CA,90089,LOS ANGELES,PCH_7_NUMERATOR,SSI - Abdominal Hysterectomy: Actual Infections,Not Available,12,01/01/2024,12/31/2024
050660,USC KENNETH NORRIS JR CANCER HOSPITAL,Acute Care Hospitals,1441 EASTLAKE AVE,LOS ANGELES,CA,90089,LOS ANGELES,PCH_7_SIR,SSI - Abdominal Hysterectomy: SIR,Not Available,12,01/01/2024,12/31/2024
100079,UNIV OF MIAMI HOSPITAL AND CLINICS-SYLVESTER COMPR,Acute Care Hospitals,1475 NW 12TH AVE,MIAMI,FL,33136,MIAMI-DADE,PCH_26_DOPC,Clostridium Difficile (C.Diff): Patient Days,6430,,01/01/2024,12/31/2024
100079,UNIV OF MIAMI HOSPITAL AND CLINICS-SYLVESTER COMPR,Acute Care Hospitals,1475 NW 12TH AVE,MIAMI,FL,33136,MIAMI-DADE,PCH_26_ELIGCASES,Clostridium Difficile (C.Diff): Predicted Cases,5.362,,01/01/2024,12/31/2024
100079,UNIV OF MIAMI HOSPITAL AND CLINICS-SYLVESTER COMPR,Acute Care Hospitals,1475 NW 12TH AVE,MIAMI,FL,33136,MIAMI-DADE,PCH_26_NUMERATOR,Clostridium Difficile (C.Diff): Actual Infections,4,,01/01/2024,12/31/2024
100079,UNIV OF MIAMI HOSPITAL AND CLINICS-SYLVESTER COMPR,Acute Care Hospitals,1475 NW 12TH AVE,MIAMI,FL,33136,MIAMI-DADE,PCH_26_SIR,Clostridium Difficile (C.Diff): SIR,0.746,,01/01/2024,12/31/2024
100079,UNIV OF MIAMI HOSPITAL AND CLINICS-SYLVESTER COMPR,Acute Care Hospitals,1475 NW 12TH AVE,MIAMI,FL,33136,MIAMI-DADE,PCH_27_DOPC,MRSA Bacteremia: Patient Days,6430,13,01/01/2024,12/31/2024
100079,UNIV OF MIAMI HOSPITAL AND CLINICS-SYLVESTER COMPR,Acute Care Hospitals,1475 NW 12TH AVE,MIAMI,FL,33136,MIAMI-DADE,PCH_27_ELIGCASES,MRSA Bacteremia: Predicted Cases,0.665,13,01/01/2024,12/31/2024
100079,UNIV OF MIAMI HOSPITAL AND CLINICS-SYLVESTER COMPR,Acute Care Hospitals,1475 NW 12TH AVE,MIAMI,FL,33136,MIAMI-DADE,PCH_27_NUMERATOR,MRSA Bacteremia: Actual Infections,2,13,01/01/2024,12/31/2024
100079,UNIV OF MIAMI HOSPITAL AND CLINICS-SYLVESTER COMPR,Acute Care Hospitals,1475 NW 12TH AVE,MIAMI,FL,33136,MIAMI-DADE,PCH_27_SIR,MRSA Bacteremia: SIR,Not Available,13,01/01/2024,12/31/2024
100079,UNIV OF MIAMI HOSPITAL AND CLINICS-SYLVESTER COMPR,Acute Care Hospitals,1475 NW 12TH AVE,MIAMI,FL,33136,MIAMI-DADE,PCH_28_FAC_ADHPCT,Influenza Vaccination Coverage among Healthcare Personnel: Adherence Rate,35,,10/01/2024,03/31/2025
100079,UNIV OF MIAMI HOSPITAL AND CLINICS-SYLVESTER COMPR,Acute Care Hospitals,1475 NW 12TH AVE,MIAMI,FL,33136,MIAMI-DADE,PCH_28_FAC_DEN,Influenza Vaccination Coverage among Healthcare Personnel: Denominator,8555,,10/01/2024,03/31/2025
100079,UNIV OF MIAMI HOSPITAL AND CLINICS-SYLVESTER COMPR,Acute Care Hospitals,1475 NW 12TH AVE,MIAMI,FL,33136,MIAMI-DADE,PCH_38_FAC_ADHPCT,Percentage of healthcare personnel who are up to date with COVID-19 vaccinations: Adherence Rate,0,,10/01/2024,12/31/2024
100079,UNIV OF MIAMI HOSPITAL AND CLINICS-SYLVESTER COMPR,Acute Care Hospitals,1475 NW 12TH AVE,MIAMI,FL,33136,MIAMI-DADE,PCH_38_FAC_DEN,Percentage of healthcare personnel who are up to date with COVID-19 vaccinations: Denominator,8924,,10/01/2024,12/31/2024
100079,UNIV OF MIAMI HOSPITAL AND CLINICS-SYLVESTER COMPR,Acute Care Hospitals,1475 NW 12TH AVE,MIAMI,FL,33136,MIAMI-DADE,PCH_4_DOPC,Central Line-Associated Bloodstream Infection (CLABSI): Number of Procedures,6054,,01/01/2024,12/31/2024
100079,UNIV OF MIAMI HOSPITAL AND CLINICS-SYLVESTER COMPR,Acute Care Hospitals,1475 NW 12TH AVE,MIAMI,FL,33136,MIAMI-DADE,PCH_4_ELIGCASES,Central Line-Associated Bloodstream Infection (CLABSI): Predicted Cases,6.719,,01/01/2024,12/31/2024
100079,UNIV OF MIAMI HOSPITAL AND CLINICS-SYLVESTER COMPR,Acute Care Hospitals,1475 NW 12TH AVE,MIAMI,FL,33136,MIAMI-DADE,PCH_4_NUMERATOR,Central Line-Associated Bloodstream Infection (CLABSI): Actual Infections,6,,01/01/2024,12/31/2024
100079,UNIV OF MIAMI HOSPITAL AND CLINICS-SYLVESTER COMPR,Acute Care Hospitals,1475 NW 12TH AVE,MIAMI,FL,33136,MIAMI-DADE,PCH_4_SIR,Central Line-Associated Bloodstream Infection (CLABSI): SIR,0.893,,01/01/2024,12/31/2024
100079,UNIV OF MIAMI HOSPITAL AND CLINICS-SYLVESTER COMPR,Acute Care Hospitals,1475 NW 12TH AVE,MIAMI,FL,33136,MIAMI-DADE,PCH_5_DOPC,Catheter-Associated Urinary Tract Infections (CAUTI): Number of Procedures,165,13,01/01/2024,12/31/2024
100079,UNIV OF MIAMI HOSPITAL AND CLINICS-SYLVESTER COMPR,Acute Care Hospitals,1475 NW 12TH AVE,MIAMI,FL,33136,MIAMI-DADE,PCH_5_ELIGCASES,Catheter-Associated Urinary Tract Infections (CAUTI): Predicted Cases,0.168,13,01/01/2024,12/31/2024
100079,UNIV OF MIAMI HOSPITAL AND CLINICS-SYLVESTER COMPR,Acute Care Hospitals,1475 NW 12TH AVE,MIAMI,FL,33136,MIAMI-DADE,PCH_5_NUMERATOR,Catheter-Associated Urinary Tract Infections (CAUTI): Actual Infections,0,13,01/01/2024,12/31/2024
100079,UNIV OF MIAMI HOSPITAL AND CLINICS-SYLVESTER COMPR,Acute Care Hospitals,1475 NW 12TH AVE,MIAMI,FL,33136,MIAMI-DADE,PCH_5_SIR,Catheter-Associated Urinary Tract Infections (CAUTI): SIR,Not Available,13,01/01/2024,12/31/2024
100079,UNIV OF MIAMI HOSPITAL AND CLINICS-SYLVESTER COMPR,Acute Care Hospitals,1475 NW 12TH AVE,MIAMI,FL,33136,MIAMI-DADE,PCH_6_DOPC,SSI - Colon Surgery: Number of Procedures,Not Available,12,01/01/2024,12/31/2024
100079,UNIV OF MIAMI HOSPITAL AND CLINICS-SYLVESTER COMPR,Acute Care Hospitals,1475 NW 12TH AVE,MIAMI,FL,33136,MIAMI-DADE,PCH_6_ELIGCASES,SSI - Colon Surgery: Predicted Cases,Not Available,12,01/01/2024,12/31/2024
100079,UNIV OF MIAMI HOSPITAL AND CLINICS-SYLVESTER COMPR,Acute Care Hospitals,1475 NW 12TH AVE,MIAMI,FL,33136,MIAMI-DADE,PCH_6_NUMERATOR,SSI - Colon Surgery: Actual Infections,Not Available,12,01/01/2024,12/31/2024
100079,UNIV OF MIAMI HOSPITAL AND CLINICS-SYLVESTER COMPR,Acute Care Hospitals,1475 NW 12TH AVE,MIAMI,FL,33136,MIAMI-DADE,PCH_6_SIR,SSI - Colon Surgery: SIR,Not Available,12,01/01/2024,12/31/2024
100079,UNIV OF MIAMI HOSPITAL AND CLINICS-SYLVESTER COMPR,Acute Care Hospitals,1475 NW 12TH AVE,MIAMI,FL,33136,MIAMI-DADE,PCH_7_DOPC,SSI - Abdominal Hysterectomy: Number of Procedures,3,13,01/01/2024,12/31/2024
100079,UNIV OF MIAMI HOSPITAL AND CLINICS-SYLVESTER COMPR,Acute Care Hospitals,1475 NW 12TH AVE,MIAMI,FL,33136,MIAMI-DADE,PCH_7_ELIGCASES,SSI - Abdominal Hysterectomy: Predicted Cases,0.057,13,01/01/2024,12/31/2024
100079,UNIV OF MIAMI HOSPITAL AND CLINICS-SYLVESTER COMPR,Acute Care Hospitals,1475 NW 12TH AVE,MIAMI,FL,33136,MIAMI-DADE,PCH_7_NUMERATOR,SSI - Abdominal Hysterectomy: Actual Infections,0,13,01/01/2024,12/31/2024
100079,UNIV OF MIAMI HOSPITAL AND CLINICS-SYLVESTER COMPR,Acute Care Hospitals,1475 NW 12TH AVE,MIAMI,FL,33136,MIAMI-DADE,PCH_7_SIR,SSI - Abdominal Hysterectomy: SIR,Not Available,13,01/01/2024,12/31/2024
100271,H LEE MOFFITT CANCER CENTER & RESEARCH INSTITUTE I,Acute Care Hospitals,12902 MAGNOLIA DR,TAMPA,FL,33612,HILLSBOROUGH,PCH_26_DOPC,Clostridium Difficile (C.Diff): Patient Days,81277,,01/01/2024,12/31/2024
100271,H LEE MOFFITT CANCER CENTER & RESEARCH INSTITUTE I,Acute Care Hospitals,12902 MAGNOLIA DR,TAMPA,FL,33612,HILLSBOROUGH,PCH_26_ELIGCASES,Clostridium Difficile (C.Diff): Predicted Cases,74.977,,01/01/2024,12/31/2024
100271,H LEE MOFFITT CANCER CENTER & RESEARCH INSTITUTE I,Acute Care Hospitals,12902 MAGNOLIA DR,TAMPA,FL,33612,HILLSBOROUGH,PCH_26_NUMERATOR,Clostridium Difficile (C.Diff): Actual Infections,15,,01/01/2024,12/31/2024
100271,H LEE MOFFITT CANCER CENTER & RESEARCH INSTITUTE I,Acute Care Hospitals,12902 MAGNOLIA DR,TAMPA,FL,33612,HILLSBOROUGH,PCH_26_SIR,Clostridium Difficile (C.Diff): SIR,0.200,,01/01/2024,12/31/2024
100271,H LEE MOFFITT CANCER CENTER & RESEARCH INSTITUTE I,Acute Care Hospitals,12902 MAGNOLIA DR,TAMPA,FL,33612,HILLSBOROUGH,PCH_27_DOPC,MRSA Bacteremia: Patient Days,81277,,01/01/2024,12/31/2024
100271,H LEE MOFFITT CANCER CENTER & RESEARCH INSTITUTE I,Acute Care Hospitals,12902 MAGNOLIA DR,TAMPA,FL,33612,HILLSBOROUGH,PCH_27_ELIGCASES,MRSA Bacteremia: Predicted Cases,11.288,,01/01/2024,12/31/2024
100271,H LEE MOFFITT CANCER CENTER & RESEARCH INSTITUTE I,Acute Care Hospitals,12902 MAGNOLIA DR,TAMPA,FL,33612,HILLSBOROUGH,PCH_27_NUMERATOR,MRSA Bacteremia: Actual Infections,7,,01/01/2024,12/31/2024
100271,H LEE MOFFITT CANCER CENTER & RESEARCH INSTITUTE I,Acute Care Hospitals,12902 MAGNOLIA DR,TAMPA,FL,33612,HILLSBOROUGH,PCH_27_SIR,MRSA Bacteremia: SIR,0.620,,01/01/2024,12/31/2024
100271,H LEE MOFFITT CANCER CENTER & RESEARCH INSTITUTE I,Acute Care Hospitals,12902 MAGNOLIA DR,TAMPA,FL,33612,HILLSBOROUGH,PCH_28_FAC_ADHPCT,Influenza Vaccination Coverage among Healthcare Personnel: Adherence Rate,64,,10/01/2024,03/31/2025
100271,H LEE MOFFITT CANCER CENTER & RESEARCH INSTITUTE I,Acute Care Hospitals,12902 MAGNOLIA DR,TAMPA,FL,33612,HILLSBOROUGH,PCH_28_FAC_DEN,Influenza Vaccination Coverage among Healthcare Personnel: Denominator,15007,,10/01/2024,03/31/2025
100271,H LEE MOFFITT CANCER CENTER & RESEARCH INSTITUTE I,Acute Care Hospitals,12902 MAGNOLIA DR,TAMPA,FL,33612,HILLSBOROUGH,PCH_38_FAC_ADHPCT,Percentage of healthcare personnel who are up to date with COVID-19 vaccinations: Adherence Rate,33.4,,10/01/2024,12/31/2024
100271,H LEE MOFFITT CANCER CENTER & RESEARCH INSTITUTE I,Acute Care Hospitals,12902 MAGNOLIA DR,TAMPA,FL,33612,HILLSBOROUGH,PCH_38_FAC_DEN,Percentage of healthcare personnel who are up to date with COVID-19 vaccinations: Denominator,10925,,10/01/2024,12/31/2024
100271,H LEE MOFFITT CANCER CENTER & RESEARCH INSTITUTE I,Acute Care Hospitals,12902 MAGNOLIA DR,TAMPA,FL,33612,HILLSBOROUGH,PCH_4_DOPC,Central Line-Associated Bloodstream Infection (CLABSI): Number of Procedures,49591,,01/01/2024,12/31/2024
100271,H LEE MOFFITT CANCER CENTER & RESEARCH INSTITUTE I,Acute Care Hospitals,12902 MAGNOLIA DR,TAMPA,FL,33612,HILLSBOROUGH,PCH_4_ELIGCASES,Central Line-Associated Bloodstream Infection (CLABSI): Predicted Cases,55.804,,01/01/2024,12/31/2024
100271,H LEE MOFFITT CANCER CENTER & RESEARCH INSTITUTE I,Acute Care Hospitals,12902 MAGNOLIA DR,TAMPA,FL,33612,HILLSBOROUGH,PCH_4_NUMERATOR,Central Line-Associated Bloodstream Infection (CLABSI): Actual Infections,69,,01/01/2024,12/31/2024
100271,H LEE MOFFITT CANCER CENTER & RESEARCH INSTITUTE I,Acute Care Hospitals,12902 MAGNOLIA DR,TAMPA,FL,33612,HILLSBOROUGH,PCH_4_SIR,Central Line-Associated Bloodstream Infection (CLABSI): SIR,1.236,,01/01/2024,12/31/2024
100271,H LEE MOFFITT CANCER CENTER & RESEARCH INSTITUTE I,Acute Care Hospitals,12902 MAGNOLIA DR,TAMPA,FL,33612,HILLSBOROUGH,PCH_5_DOPC,Catheter-Associated Urinary Tract Infections (CAUTI): Number of Procedures,11544,,01/01/2024,12/31/2024
100271,H LEE MOFFITT CANCER CENTER & RESEARCH INSTITUTE I,Acute Care Hospitals,12902 MAGNOLIA DR,TAMPA,FL,33612,HILLSBOROUGH,PCH_5_ELIGCASES,Catheter-Associated Urinary Tract Infections (CAUTI): Predicted Cases,13.219,,01/01/2024,12/31/2024
100271,H LEE MOFFITT CANCER CENTER & RESEARCH INSTITUTE I,Acute Care Hospitals,12902 MAGNOLIA DR,TAMPA,FL,33612,HILLSBOROUGH,PCH_5_NUMERATOR,Catheter-Associated Urinary Tract Infections (CAUTI): Actual Infections,15,,01/01/2024,12/31/2024
100271,H LEE MOFFITT CANCER CENTER & RESEARCH INSTITUTE I,Acute Care Hospitals,12902 MAGNOLIA DR,TAMPA,FL,33612,HILLSBOROUGH,PCH_5_SIR,Catheter-Associated Urinary Tract Infections (CAUTI): SIR,1.135,,01/01/2024,12/31/2024
100271,H LEE MOFFITT CANCER CENTER & RESEARCH INSTITUTE I,Acute Care Hospitals,12902 MAGNOLIA DR,TAMPA,FL,33612,HILLSBOROUGH,PCH_6_DOPC,SSI - Colon Surgery: Number of Procedures,445,,01/01/2024,12/31/2024
100271,H LEE MOFFITT CANCER CENTER & RESEARCH INSTITUTE I,Acute Care Hospitals,12902 MAGNOLIA DR,TAMPA,FL,33612,HILLSBOROUGH,PCH_6_ELIGCASES,SSI - Colon Surgery: Predicted Cases,19.140,,01/01/2024,12/31/2024
100271,H LEE MOFFITT CANCER CENTER & RESEARCH INSTITUTE I,Acute Care Hospitals,12902 MAGNOLIA DR,TAMPA,FL,33612,HILLSBOROUGH,PCH_6_NUMERATOR,SSI - Colon Surgery: Actual Infections,12,,01/01/2024,12/31/2024
100271,H LEE MOFFITT CANCER CENTER & RESEARCH INSTITUTE I,Acute Care Hospitals,12902 MAGNOLIA DR,TAMPA,FL,33612,HILLSBOROUGH,PCH_6_SIR,SSI - Colon Surgery: SIR,0.627,,01/01/2024,12/31/2024
100271,H LEE MOFFITT CANCER CENTER & RESEARCH INSTITUTE I,Acute Care Hospitals,12902 MAGNOLIA DR,TAMPA,FL,33612,HILLSBOROUGH,PCH_7_DOPC,SSI - Abdominal Hysterectomy: Number of Procedures,231,,01/01/2024,12/31/2024
100271,H LEE MOFFITT CANCER CENTER & RESEARCH INSTITUTE I,Acute Care Hospitals,12902 MAGNOLIA DR,TAMPA,FL,33612,HILLSBOROUGH,PCH_7_ELIGCASES,SSI - Abdominal Hysterectomy: Predicted Cases,3.224,,01/01/2024,12/31/2024
100271,H LEE MOFFITT CANCER CENTER & RESEARCH INSTITUTE I,Acute Care Hospitals,12902 MAGNOLIA DR,TAMPA,FL,33612,HILLSBOROUGH,PCH_7_NUMERATOR,SSI - Abdominal Hysterectomy: Actual Infections,1,,01/01/2024,12/31/2024
100271,H LEE MOFFITT CANCER CENTER & RESEARCH INSTITUTE I,Acute Care Hospitals,12902 MAGNOLIA DR,TAMPA,FL,33612,HILLSBOROUGH,PCH_7_SIR,SSI - Abdominal Hysterectomy: SIR,0.310,,01/01/2024,12/31/2024
220162,DANA-FARBER CANCER INSTITUTE,Acute Care Hospitals,450 BROOKLINE AVENUE,BOSTON,MA,02115,SUFFOLK,PCH_26_DOPC,Clostridium Difficile (C.Diff): Patient Days,10576,,01/01/2024,12/31/2024
220162,DANA-FARBER CANCER INSTITUTE,Acute Care Hospitals,450 BROOKLINE AVENUE,BOSTON,MA,02115,SUFFOLK,PCH_26_ELIGCASES,Clostridium Difficile (C.Diff): Predicted Cases,12.896,,01/01/2024,12/31/2024
220162,DANA-FARBER CANCER INSTITUTE,Acute Care Hospitals,450 BROOKLINE AVENUE,BOSTON,MA,02115,SUFFOLK,PCH_26_NUMERATOR,Clostridium Difficile (C.Diff): Actual Infections,5,,01/01/2024,12/31/2024
220162,DANA-FARBER CANCER INSTITUTE,Acute Care Hospitals,450 BROOKLINE AVENUE,BOSTON,MA,02115,SUFFOLK,PCH_26_SIR,Clostridium Difficile (C.Diff): SIR,0.388,,01/01/2024,12/31/2024
220162,DANA-FARBER CANCER INSTITUTE,Acute Care Hospitals,450 BROOKLINE AVENUE,BOSTON,MA,02115,SUFFOLK,PCH_27_DOPC,MRSA Bacteremia: Patient Days,10576,13,01/01/2024,12/31/2024
220162,DANA-FARBER CANCER INSTITUTE,Acute Care Hospitals,450 BROOKLINE AVENUE,BOSTON,MA,02115,SUFFOLK,PCH_27_ELIGCASES,MRSA Bacteremia: Predicted Cases,0.682,13,01/01/2024,12/31/2024
220162,DANA-FARBER CANCER INSTITUTE,Acute Care Hospitals,450 BROOKLINE AVENUE,BOSTON,MA,02115,SUFFOLK,PCH_27_NUMERATOR,MRSA Bacteremia: Actual Infections,0,13,01/01/2024,12/31/2024
220162,DANA-FARBER CANCER INSTITUTE,Acute Care Hospitals,450 BROOKLINE AVENUE,BOSTON,MA,02115,SUFFOLK,PCH_27_SIR,MRSA Bacteremia: SIR,Not Available,13,01/01/2024,12/31/2024
220162,DANA-FARBER CANCER INSTITUTE,Acute Care Hospitals,450 BROOKLINE AVENUE,BOSTON,MA,02115,SUFFOLK,PCH_28_FAC_ADHPCT,Influenza Vaccination Coverage among Healthcare Personnel: Adherence Rate,99,,10/01/2024,03/31/2025
220162,DANA-FARBER CANCER INSTITUTE,Acute Care Hospitals,450 BROOKLINE AVENUE,BOSTON,MA,02115,SUFFOLK,PCH_28_FAC_DEN,Influenza Vaccination Coverage among Healthcare Personnel: Denominator,10388,,10/01/2024,03/31/2025
220162,DANA-FARBER CANCER INSTITUTE,Acute Care Hospitals,450 BROOKLINE AVENUE,BOSTON,MA,02115,SUFFOLK,PCH_38_FAC_ADHPCT,Percentage of healthcare personnel who are up to date with COVID-19 vaccinations: Adherence Rate,15.2,,10/01/2024,12/31/2024
220162,DANA-FARBER CANCER INSTITUTE,Acute Care Hospitals,450 BROOKLINE AVENUE,BOSTON,MA,02115,SUFFOLK,PCH_38_FAC_DEN,Percentage of healthcare personnel who are up to date with COVID-19 vaccinations: Denominator,9497,,10/01/2024,12/31/2024
220162,DANA-FARBER CANCER INSTITUTE,Acute Care Hospitals,450 BROOKLINE AVENUE,BOSTON,MA,02115,SUFFOLK,PCH_4_DOPC,Central Line-Associated Bloodstream Infection (CLABSI): Number of Procedures,7129,,01/01/2024,12/31/2024
220162,DANA-FARBER CANCER INSTITUTE,Acute Care Hospitals,450 BROOKLINE AVENUE,BOSTON,MA,02115,SUFFOLK,PCH_4_ELIGCASES,Central Line-Associated Bloodstream Infection (CLABSI): Predicted Cases,6.501,,01/01/2024,12/31/2024
220162,DANA-FARBER CANCER INSTITUTE,Acute Care Hospitals,450 BROOKLINE AVENUE,BOSTON,MA,02115,SUFFOLK,PCH_4_NUMERATOR,Central Line-Associated Bloodstream Infection (CLABSI): Actual Infections,7,,01/01/2024,12/31/2024
220162,DANA-FARBER CANCER INSTITUTE,Acute Care Hospitals,450 BROOKLINE AVENUE,BOSTON,MA,02115,SUFFOLK,PCH_4_SIR,Central Line-Associated Bloodstream Infection (CLABSI): SIR,1.077,,01/01/2024,12/31/2024
220162,DANA-FARBER CANCER INSTITUTE,Acute Care Hospitals,450 BROOKLINE AVENUE,BOSTON,MA,02115,SUFFOLK,PCH_5_DOPC,Catheter-Associated Urinary Tract Infections (CAUTI): Number of Procedures,692,13,01/01/2024,12/31/2024
220162,DANA-FARBER CANCER INSTITUTE,Acute Care Hospitals,450 BROOKLINE AVENUE,BOSTON,MA,02115,SUFFOLK,PCH_5_ELIGCASES,Catheter-Associated Urinary Tract Infections (CAUTI): Predicted Cases,0.707,13,01/01/2024,12/31/2024
220162,DANA-FARBER CANCER INSTITUTE,Acute Care Hospitals,450 BROOKLINE AVENUE,BOSTON,MA,02115,SUFFOLK,PCH_5_NUMERATOR,Catheter-Associated Urinary Tract Infections (CAUTI): Actual Infections,1,13,01/01/2024,12/31/2024
220162,DANA-FARBER CANCER INSTITUTE,Acute Care Hospitals,450 BROOKLINE AVENUE,BOSTON,MA,02115,SUFFOLK,PCH_5_SIR,Catheter-Associated Urinary Tract Infections (CAUTI): SIR,Not Available,13,01/01/2024,12/31/2024
220162,DANA-FARBER CANCER INSTITUTE,Acute Care Hospitals,450 BROOKLINE AVENUE,BOSTON,MA,02115,SUFFOLK,PCH_6_DOPC,SSI - Colon Surgery: Number of Procedures,Not Available,12,01/01/2024,12/31/2024
220162,DANA-FARBER CANCER INSTITUTE,Acute Care Hospitals,450 BROOKLINE AVENUE,BOSTON,MA,02115,SUFFOLK,PCH_6_ELIGCASES,SSI - Colon Surgery: Predicted Cases,Not Available,12,01/01/2024,12/31/2024
220162,DANA-FARBER CANCER INSTITUTE,Acute Care Hospitals,450 BROOKLINE AVENUE,BOSTON,MA,02115,SUFFOLK,PCH_6_NUMERATOR,SSI - Colon Surgery: Actual Infections,Not Available,12,01/01/2024,12/31/2024
220162,DANA-FARBER CANCER INSTITUTE,Acute Care Hospitals,450 BROOKLINE AVENUE,BOSTON,MA,02115,SUFFOLK,PCH_6_SIR,SSI - Colon Surgery: SIR,Not Available,12,01/01/2024,12/31/2024
220162,DANA-FARBER CANCER INSTITUTE,Acute Care Hospitals,450 BROOKLINE AVENUE,BOSTON,MA,02115,SUFFOLK,PCH_7_DOPC,SSI - Abdominal Hysterectomy: Number of Procedures,Not Available,12,01/01/2024,12/31/2024
220162,DANA-FARBER CANCER INSTITUTE,Acute Care Hospitals,450 BROOKLINE AVENUE,BOSTON,MA,02115,SUFFOLK,PCH_7_ELIGCASES,SSI - Abdominal Hysterectomy: Predicted Cases,Not Available,12,01/01/2024,12/31/2024
220162,DANA-FARBER CANCER INSTITUTE,Acute Care Hospitals,450 BROOKLINE AVENUE,BOSTON,MA,02115,SUFFOLK,PCH_7_NUMERATOR,SSI - Abdominal Hysterectomy: Actual Infections,Not Available,12,01/01/2024,12/31/2024
220162,DANA-FARBER CANCER INSTITUTE,Acute Care Hospitals,450 BROOKLINE AVENUE,BOSTON,MA,02115,SUFFOLK,PCH_7_SIR,SSI - Abdominal Hysterectomy: SIR,Not Available,12,01/01/2024,12/31/2024
330154,MEMORIAL HOSPITAL FOR CANCER AND ALLIED DISEASES,Acute Care Hospitals,1275 YORK AVENUE,NEW YORK,NY,10021,NEW YORK,PCH_26_DOPC,Clostridium Difficile (C.Diff): Patient Days,171100,,01/01/2024,12/31/2024
330154,MEMORIAL HOSPITAL FOR CANCER AND ALLIED DISEASES,Acute Care Hospitals,1275 YORK AVENUE,NEW YORK,NY,10021,NEW YORK,PCH_26_ELIGCASES,Clostridium Difficile (C.Diff): Predicted Cases,202.685,,01/01/2024,12/31/2024
330154,MEMORIAL HOSPITAL FOR CANCER AND ALLIED DISEASES,Acute Care Hospitals,1275 YORK AVENUE,NEW YORK,NY,10021,NEW YORK,PCH_26_NUMERATOR,Clostridium Difficile (C.Diff): Actual Infections,80,,01/01/2024,12/31/2024
330154,MEMORIAL HOSPITAL FOR CANCER AND ALLIED DISEASES,Acute Care Hospitals,1275 YORK AVENUE,NEW YORK,NY,10021,NEW YORK,PCH_26_SIR,Clostridium Difficile (C.Diff): SIR,0.395,,01/01/2024,12/31/2024
330154,MEMORIAL HOSPITAL FOR CANCER AND ALLIED DISEASES,Acute Care Hospitals,1275 YORK AVENUE,NEW YORK,NY,10021,NEW YORK,PCH_27_DOPC,MRSA Bacteremia: Patient Days,171100,,01/01/2024,12/31/2024
330154,MEMORIAL HOSPITAL FOR CANCER AND ALLIED DISEASES,Acute Care Hospitals,1275 YORK AVENUE,NEW YORK,NY,10021,NEW YORK,PCH_27_ELIGCASES,MRSA Bacteremia: Predicted Cases,25.951,,01/01/2024,12/31/2024
330154,MEMORIAL HOSPITAL FOR CANCER AND ALLIED DISEASES,Acute Care Hospitals,1275 YORK AVENUE,NEW YORK,NY,10021,NEW YORK,PCH_27_NUMERATOR,MRSA Bacteremia: Actual Infections,16,,01/01/2024,12/31/2024
330154,MEMORIAL HOSPITAL FOR CANCER AND ALLIED DISEASES,Acute Care Hospitals,1275 YORK AVENUE,NEW YORK,NY,10021,NEW YORK,PCH_27_SIR,MRSA Bacteremia: SIR,0.617,,01/01/2024,12/31/2024
330154,MEMORIAL HOSPITAL FOR CANCER AND ALLIED DISEASES,Acute Care Hospitals,1275 YORK AVENUE,NEW YORK,NY,10021,NEW YORK,PCH_28_FAC_ADHPCT,Influenza Vaccination Coverage among Healthcare Personnel: Adherence Rate,99,,10/01/2024,03/31/2025
330154,MEMORIAL HOSPITAL FOR CANCER AND ALLIED DISEASES,Acute Care Hospitals,1275 YORK AVENUE,NEW YORK,NY,10021,NEW YORK,PCH_28_FAC_DEN,Influenza Vaccination Coverage among Healthcare Personnel: Denominator,22891,,10/01/2024,03/31/2025
330154,MEMORIAL HOSPITAL FOR CANCER AND ALLIED DISEASES,Acute Care Hospitals,1275 YORK AVENUE,NEW YORK,NY,10021,NEW YORK,PCH_38_FAC_ADHPCT,Percentage of healthcare personnel who are up to date with COVID-19 vaccinations: Adherence Rate,7.3,,10/01/2024,12/31/2024
330154,MEMORIAL HOSPITAL FOR CANCER AND ALLIED DISEASES,Acute Care Hospitals,1275 YORK AVENUE,NEW YORK,NY,10021,NEW YORK,PCH_38_FAC_DEN,Percentage of healthcare personnel who are up to date with COVID-19 vaccinations: Denominator,24025,,10/01/2024,12/31/2024
330154,MEMORIAL HOSPITAL FOR CANCER AND ALLIED DISEASES,Acute Care Hospitals,1275 YORK AVENUE,NEW YORK,NY,10021,NEW YORK,PCH_4_DOPC,Central Line-Associated Bloodstream Infection (CLABSI): Number of Procedures,91992,,01/01/2024,12/31/2024
330154,MEMORIAL HOSPITAL FOR CANCER AND ALLIED DISEASES,Acute Care Hospitals,1275 YORK AVENUE,NEW YORK,NY,10021,NEW YORK,PCH_4_ELIGCASES,Central Line-Associated Bloodstream Infection (CLABSI): Predicted Cases,114.055,,01/01/2024,12/31/2024
330154,MEMORIAL HOSPITAL FOR CANCER AND ALLIED DISEASES,Acute Care Hospitals,1275 YORK AVENUE,NEW YORK,NY,10021,NEW YORK,PCH_4_NUMERATOR,Central Line-Associated Bloodstream Infection (CLABSI): Actual Infections,113,,01/01/2024,12/31/2024
330154,MEMORIAL HOSPITAL FOR CANCER AND ALLIED DISEASES,Acute Care Hospitals,1275 YORK AVENUE,NEW YORK,NY,10021,NEW YORK,PCH_4_SIR,Central Line-Associated Bloodstream Infection (CLABSI): SIR,0.991,,01/01/2024,12/31/2024
330154,MEMORIAL HOSPITAL FOR CANCER AND ALLIED DISEASES,Acute Care Hospitals,1275 YORK AVENUE,NEW YORK,NY,10021,NEW YORK,PCH_5_DOPC,Catheter-Associated Urinary Tract Infections (CAUTI): Number of Procedures,22027,,01/01/2024,12/31/2024
330154,MEMORIAL HOSPITAL FOR CANCER AND ALLIED DISEASES,Acute Care Hospitals,1275 YORK AVENUE,NEW YORK,NY,10021,NEW YORK,PCH_5_ELIGCASES,Catheter-Associated Urinary Tract Infections (CAUTI): Predicted Cases,26.085,,01/01/2024,12/31/2024
330154,MEMORIAL HOSPITAL FOR CANCER AND ALLIED DISEASES,Acute Care Hospitals,1275 YORK AVENUE,NEW YORK,NY,10021,NEW YORK,PCH_5_NUMERATOR,Catheter-Associated Urinary Tract Infections (CAUTI): Actual Infections,32,,01/01/2024,12/31/2024
330154,MEMORIAL HOSPITAL FOR CANCER AND ALLIED DISEASES,Acute Care Hospitals,1275 YORK AVENUE,NEW YORK,NY,10021,NEW YORK,PCH_5_SIR,Catheter-Associated Urinary Tract Infections (CAUTI): SIR,1.227,,01/01/2024,12/31/2024
330154,MEMORIAL HOSPITAL FOR CANCER AND ALLIED DISEASES,Acute Care Hospitals,1275 YORK AVENUE,NEW YORK,NY,10021,NEW YORK,PCH_6_DOPC,SSI - Colon Surgery: Number of Procedures,1257,,01/01/2024,12/31/2024
330154,MEMORIAL HOSPITAL FOR CANCER AND ALLIED DISEASES,Acute Care Hospitals,1275 YORK AVENUE,NEW YORK,NY,10021,NEW YORK,PCH_6_ELIGCASES,SSI - Colon Surgery: Predicted Cases,59.463,,01/01/2024,12/31/2024
330154,MEMORIAL HOSPITAL FOR CANCER AND ALLIED DISEASES,Acute Care Hospitals,1275 YORK AVENUE,NEW YORK,NY,10021,NEW YORK,PCH_6_NUMERATOR,SSI - Colon Surgery: Actual Infections,54,,01/01/2024,12/31/2024
330154,MEMORIAL HOSPITAL FOR CANCER AND ALLIED DISEASES,Acute Care Hospitals,1275 YORK AVENUE,NEW YORK,NY,10021,NEW YORK,PCH_6_SIR,SSI - Colon Surgery: SIR,0.908,,01/01/2024,12/31/2024
330154,MEMORIAL HOSPITAL FOR CANCER AND ALLIED DISEASES,Acute Care Hospitals,1275 YORK AVENUE,NEW YORK,NY,10021,NEW YORK,PCH_7_DOPC,SSI - Abdominal Hysterectomy: Number of Procedures,1060,,01/01/2024,12/31/2024
330154,MEMORIAL HOSPITAL FOR CANCER AND ALLIED DISEASES,Acute Care Hospitals,1275 YORK AVENUE,NEW YORK,NY,10021,NEW YORK,PCH_7_ELIGCASES,SSI - Abdominal Hysterectomy: Predicted Cases,15.055,,01/01/2024,12/31/2024
330154,MEMORIAL HOSPITAL FOR CANCER AND ALLIED DISEASES,Acute Care Hospitals,1275 YORK AVENUE,NEW YORK,NY,10021,NEW YORK,PCH_7_NUMERATOR,SSI - Abdominal Hysterectomy: Actual Infections,13,,01/01/2024,12/31/2024
330154,MEMORIAL HOSPITAL FOR CANCER AND ALLIED DISEASES,Acute Care Hospitals,1275 YORK AVENUE,NEW YORK,NY,10021,NEW YORK,PCH_7_SIR,SSI - Abdominal Hysterectomy: SIR,0.864,,01/01/2024,12/31/2024
330354,ROSWELL PARK CANCER INSTITUTE,Acute Care Hospitals,ELM AND CARLTON STREETS,BUFFALO,NY,14203,ERIE,PCH_26_DOPC,Clostridium Difficile (C.Diff): Patient Days,46552,,01/01/2024,12/31/2024
330354,ROSWELL PARK CANCER INSTITUTE,Acute Care Hospitals,ELM AND CARLTON STREETS,BUFFALO,NY,14203,ERIE,PCH_26_ELIGCASES,Clostridium Difficile (C.Diff): Predicted Cases,85.059,,01/01/2024,12/31/2024
330354,ROSWELL PARK CANCER INSTITUTE,Acute Care Hospitals,ELM AND CARLTON STREETS,BUFFALO,NY,14203,ERIE,PCH_26_NUMERATOR,Clostridium Difficile (C.Diff): Actual Infections,67,,01/01/2024,12/31/2024
330354,ROSWELL PARK CANCER INSTITUTE,Acute Care Hospitals,ELM AND CARLTON STREETS,BUFFALO,NY,14203,ERIE,PCH_26_SIR,Clostridium Difficile (C.Diff): SIR,0.788,,01/01/2024,12/31/2024
330354,ROSWELL PARK CANCER INSTITUTE,Acute Care Hospitals,ELM AND CARLTON STREETS,BUFFALO,NY,14203,ERIE,PCH_27_DOPC,MRSA Bacteremia: Patient Days,46552,,01/01/2024,12/31/2024
330354,ROSWELL PARK CANCER INSTITUTE,Acute Care Hospitals,ELM AND CARLTON STREETS,BUFFALO,NY,14203,ERIE,PCH_27_ELIGCASES,MRSA Bacteremia: Predicted Cases,5.395,,01/01/2024,12/31/2024
330354,ROSWELL PARK CANCER INSTITUTE,Acute Care Hospitals,ELM AND CARLTON STREETS,BUFFALO,NY,14203,ERIE,PCH_27_NUMERATOR,MRSA Bacteremia: Actual Infections,2,,01/01/2024,12/31/2024
330354,ROSWELL PARK CANCER INSTITUTE,Acute Care Hospitals,ELM AND CARLTON STREETS,BUFFALO,NY,14203,ERIE,PCH_27_SIR,MRSA Bacteremia: SIR,0.371,,01/01/2024,12/31/2024
330354,ROSWELL PARK CANCER INSTITUTE,Acute Care Hospitals,ELM AND CARLTON STREETS,BUFFALO,NY,14203,ERIE,PCH_28_FAC_ADHPCT,Influenza Vaccination Coverage among Healthcare Personnel: Adherence Rate,71,,10/01/2024,03/31/2025
330354,ROSWELL PARK CANCER INSTITUTE,Acute Care Hospitals,ELM AND CARLTON STREETS,BUFFALO,NY,14203,ERIE,PCH_28_FAC_DEN,Influenza Vaccination Coverage among Healthcare Personnel: Denominator,4436,,10/01/2024,03/31/2025
330354,ROSWELL PARK CANCER INSTITUTE,Acute Care Hospitals,ELM AND CARLTON STREETS,BUFFALO,NY,14203,ERIE,PCH_38_FAC_ADHPCT,Percentage of healthcare personnel who are up to date with COVID-19 vaccinations: Adherence Rate,17,,10/01/2024,12/31/2024
330354,ROSWELL PARK CANCER INSTITUTE,Acute Care Hospitals,ELM AND CARLTON STREETS,BUFFALO,NY,14203,ERIE,PCH_38_FAC_DEN,Percentage of healthcare personnel who are up to date with COVID-19 vaccinations: Denominator,3948,,10/01/2024,12/31/2024
330354,ROSWELL PARK CANCER INSTITUTE,Acute Care Hospitals,ELM AND CARLTON STREETS,BUFFALO,NY,14203,ERIE,PCH_4_DOPC,Central Line-Associated Bloodstream Infection (CLABSI): Number of Procedures,33688,,01/01/2024,12/31/2024
330354,ROSWELL PARK CANCER INSTITUTE,Acute Care Hospitals,ELM AND CARLTON STREETS,BUFFALO,NY,14203,ERIE,PCH_4_ELIGCASES,Central Line-Associated Bloodstream Infection (CLABSI): Predicted Cases,34.788,,01/01/2024,12/31/2024
330354,ROSWELL PARK CANCER INSTITUTE,Acute Care Hospitals,ELM AND CARLTON STREETS,BUFFALO,NY,14203,ERIE,PCH_4_NUMERATOR,Central Line-Associated Bloodstream Infection (CLABSI): Actual Infections,44,,01/01/2024,12/31/2024
330354,ROSWELL PARK CANCER INSTITUTE,Acute Care Hospitals,ELM AND CARLTON STREETS,BUFFALO,NY,14203,ERIE,PCH_4_SIR,Central Line-Associated Bloodstream Infection (CLABSI): SIR,1.265,,01/01/2024,12/31/2024
330354,ROSWELL PARK CANCER INSTITUTE,Acute Care Hospitals,ELM AND CARLTON STREETS,BUFFALO,NY,14203,ERIE,PCH_5_DOPC,Catheter-Associated Urinary Tract Infections (CAUTI): Number of Procedures,13085,,01/01/2024,12/31/2024
330354,ROSWELL PARK CANCER INSTITUTE,Acute Care Hospitals,ELM AND CARLTON STREETS,BUFFALO,NY,14203,ERIE,PCH_5_ELIGCASES,Catheter-Associated Urinary Tract Infections (CAUTI): Predicted Cases,12.474,,01/01/2024,12/31/2024
330354,ROSWELL PARK CANCER INSTITUTE,Acute Care Hospitals,ELM AND CARLTON STREETS,BUFFALO,NY,14203,ERIE,PCH_5_NUMERATOR,Catheter-Associated Urinary Tract Infections (CAUTI): Actual Infections,12,,01/01/2024,12/31/2024
330354,ROSWELL PARK CANCER INSTITUTE,Acute Care Hospitals,ELM AND CARLTON STREETS,BUFFALO,NY,14203,ERIE,PCH_5_SIR,Catheter-Associated Urinary Tract Infections (CAUTI): SIR,0.962,,01/01/2024,12/31/2024
330354,ROSWELL PARK CANCER INSTITUTE,Acute Care Hospitals,ELM AND CARLTON STREETS,BUFFALO,NY,14203,ERIE,PCH_6_DOPC,SSI - Colon Surgery: Number of Procedures,283,,01/01/2024,12/31/2024
330354,ROSWELL PARK CANCER INSTITUTE,Acute Care Hospitals,ELM AND CARLTON STREETS,BUFFALO,NY,14203,ERIE,PCH_6_ELIGCASES,SSI - Colon Surgery: Predicted Cases,13.042,,01/01/2024,12/31/2024
330354,ROSWELL PARK CANCER INSTITUTE,Acute Care Hospitals,ELM AND CARLTON STREETS,BUFFALO,NY,14203,ERIE,PCH_6_NUMERATOR,SSI - Colon Surgery: Actual Infections,9,,01/01/2024,12/31/2024
330354,ROSWELL PARK CANCER INSTITUTE,Acute Care Hospitals,ELM AND CARLTON STREETS,BUFFALO,NY,14203,ERIE,PCH_6_SIR,SSI - Colon Surgery: SIR,0.690,,01/01/2024,12/31/2024
330354,ROSWELL PARK CANCER INSTITUTE,Acute Care Hospitals,ELM AND CARLTON STREETS,BUFFALO,NY,14203,ERIE,PCH_7_DOPC,SSI - Abdominal Hysterectomy: Number of Procedures,245,,01/01/2024,12/31/2024
330354,ROSWELL PARK CANCER INSTITUTE,Acute Care Hospitals,ELM AND CARLTON STREETS,BUFFALO,NY,14203,ERIE,PCH_7_ELIGCASES,SSI - Abdominal Hysterectomy: Predicted Cases,3.593,,01/01/2024,12/31/2024
330354,ROSWELL PARK CANCER INSTITUTE,Acute Care Hospitals,ELM AND CARLTON STREETS,BUFFALO,NY,14203,ERIE,PCH_7_NUMERATOR,SSI - Abdominal Hysterectomy: Actual Infections,0,,01/01/2024,12/31/2024
330354,ROSWELL PARK CANCER INSTITUTE,Acute Care Hospitals,ELM AND CARLTON STREETS,BUFFALO,NY,14203,ERIE,PCH_7_SIR,SSI - Abdominal Hysterectomy: SIR,0.000,,01/01/2024,12/31/2024
360242,JAMES CANCER HOSPITAL & SOLOVE RESEARCH INSTITUTE,Acute Care Hospitals,460 WEST TENTH AVENUE,COLUMBUS,OH,43210,FRANKLIN,PCH_26_DOPC,Clostridium Difficile (C.Diff): Patient Days,120709,,01/01/2024,12/31/2024
360242,JAMES CANCER HOSPITAL & SOLOVE RESEARCH INSTITUTE,Acute Care Hospitals,460 WEST TENTH AVENUE,COLUMBUS,OH,43210,FRANKLIN,PCH_26_ELIGCASES,Clostridium Difficile (C.Diff): Predicted Cases,139.958,,01/01/2024,12/31/2024
360242,JAMES CANCER HOSPITAL & SOLOVE RESEARCH INSTITUTE,Acute Care Hospitals,460 WEST TENTH AVENUE,COLUMBUS,OH,43210,FRANKLIN,PCH_26_NUMERATOR,Clostridium Difficile (C.Diff): Actual Infections,58,,01/01/2024,12/31/2024
360242,JAMES CANCER HOSPITAL & SOLOVE RESEARCH INSTITUTE,Acute Care Hospitals,460 WEST TENTH AVENUE,COLUMBUS,OH,43210,FRANKLIN,PCH_26_SIR,Clostridium Difficile (C.Diff): SIR,0.414,,01/01/2024,12/31/2024
360242,JAMES CANCER HOSPITAL & SOLOVE RESEARCH INSTITUTE,Acute Care Hospitals,460 WEST TENTH AVENUE,COLUMBUS,OH,43210,FRANKLIN,PCH_27_DOPC,MRSA Bacteremia: Patient Days,120709,,01/01/2024,12/31/2024
360242,JAMES CANCER HOSPITAL & SOLOVE RESEARCH INSTITUTE,Acute Care Hospitals,460 WEST TENTH AVENUE,COLUMBUS,OH,43210,FRANKLIN,PCH_27_ELIGCASES,MRSA Bacteremia: Predicted Cases,19.724,,01/01/2024,12/31/2024
360242,JAMES CANCER HOSPITAL & SOLOVE RESEARCH INSTITUTE,Acute Care Hospitals,460 WEST TENTH AVENUE,COLUMBUS,OH,43210,FRANKLIN,PCH_27_NUMERATOR,MRSA Bacteremia: Actual Infections,15,,01/01/2024,12/31/2024
360242,JAMES CANCER HOSPITAL & SOLOVE RESEARCH INSTITUTE,Acute Care Hospitals,460 WEST TENTH AVENUE,COLUMBUS,OH,43210,FRANKLIN,PCH_27_SIR,MRSA Bacteremia: SIR,0.760,,01/01/2024,12/31/2024
360242,JAMES CANCER HOSPITAL & SOLOVE RESEARCH INSTITUTE,Acute Care Hospitals,460 WEST TENTH AVENUE,COLUMBUS,OH,43210,FRANKLIN,PCH_28_FAC_ADHPCT,Influenza Vaccination Coverage among Healthcare Personnel: Adherence Rate,89,,10/01/2024,03/31/2025
360242,JAMES CANCER HOSPITAL & SOLOVE RESEARCH INSTITUTE,Acute Care Hospitals,460 WEST TENTH AVENUE,COLUMBUS,OH,43210,FRANKLIN,PCH_28_FAC_DEN,Influenza Vaccination Coverage among Healthcare Personnel: Denominator,18574,,10/01/2024,03/31/2025
360242,JAMES CANCER HOSPITAL & SOLOVE RESEARCH INSTITUTE,Acute Care Hospitals,460 WEST TENTH AVENUE,COLUMBUS,OH,43210,FRANKLIN,PCH_38_FAC_ADHPCT,Percentage of healthcare personnel who are up to date with COVID-19 vaccinations: Adherence Rate,0,,10/01/2024,12/31/2024
360242,JAMES CANCER HOSPITAL & SOLOVE RESEARCH INSTITUTE,Acute Care Hospitals,460 WEST TENTH AVENUE,COLUMBUS,OH,43210,FRANKLIN,PCH_38_FAC_DEN,Percentage of healthcare personnel who are up to date with COVID-19 vaccinations: Denominator,6502,,10/01/2024,12/31/2024
360242,JAMES CANCER HOSPITAL & SOLOVE RESEARCH INSTITUTE,Acute Care Hospitals,460 WEST TENTH AVENUE,COLUMBUS,OH,43210,FRANKLIN,PCH_4_DOPC,Central Line-Associated Bloodstream Infection (CLABSI): Number of Procedures,56082,,01/01/2024,12/31/2024
360242,JAMES CANCER HOSPITAL & SOLOVE RESEARCH INSTITUTE,Acute Care Hospitals,460 WEST TENTH AVENUE,COLUMBUS,OH,43210,FRANKLIN,PCH_4_ELIGCASES,Central Line-Associated Bloodstream Infection (CLABSI): Predicted Cases,70.051,,01/01/2024,12/31/2024
360242,JAMES CANCER HOSPITAL & SOLOVE RESEARCH INSTITUTE,Acute Care Hospitals,460 WEST TENTH AVENUE,COLUMBUS,OH,43210,FRANKLIN,PCH_4_NUMERATOR,Central Line-Associated Bloodstream Infection (CLABSI): Actual Infections,58,,01/01/2024,12/31/2024
360242,JAMES CANCER HOSPITAL & SOLOVE RESEARCH INSTITUTE,Acute Care Hospitals,460 WEST TENTH AVENUE,COLUMBUS,OH,43210,FRANKLIN,PCH_4_SIR,Central Line-Associated Bloodstream Infection (CLABSI): SIR,0.828,,01/01/2024,12/31/2024
360242,JAMES CANCER HOSPITAL & SOLOVE RESEARCH INSTITUTE,Acute Care Hospitals,460 WEST TENTH AVENUE,COLUMBUS,OH,43210,FRANKLIN,PCH_5_DOPC,Catheter-Associated Urinary Tract Infections (CAUTI): Number of Procedures,21419,,01/01/2024,12/31/2024
360242,JAMES CANCER HOSPITAL & SOLOVE RESEARCH INSTITUTE,Acute Care Hospitals,460 WEST TENTH AVENUE,COLUMBUS,OH,43210,FRANKLIN,PCH_5_ELIGCASES,Catheter-Associated Urinary Tract Infections (CAUTI): Predicted Cases,26.260,,01/01/2024,12/31/2024
360242,JAMES CANCER HOSPITAL & SOLOVE RESEARCH INSTITUTE,Acute Care Hospitals,460 WEST TENTH AVENUE,COLUMBUS,OH,43210,FRANKLIN,PCH_5_NUMERATOR,Catheter-Associated Urinary Tract Infections (CAUTI): Actual Infections,5,,01/01/2024,12/31/2024
360242,JAMES CANCER HOSPITAL & SOLOVE RESEARCH INSTITUTE,Acute Care Hospitals,460 WEST TENTH AVENUE,COLUMBUS,OH,43210,FRANKLIN,PCH_5_SIR,Catheter-Associated Urinary Tract Infections (CAUTI): SIR,0.190,,01/01/2024,12/31/2024
360242,JAMES CANCER HOSPITAL & SOLOVE RESEARCH INSTITUTE,Acute Care Hospitals,460 WEST TENTH AVENUE,COLUMBUS,OH,43210,FRANKLIN,PCH_6_DOPC,SSI - Colon Surgery: Number of Procedures,473,,01/01/2024,12/31/2024
360242,JAMES CANCER HOSPITAL & SOLOVE RESEARCH INSTITUTE,Acute Care Hospitals,460 WEST TENTH AVENUE,COLUMBUS,OH,43210,FRANKLIN,PCH_6_ELIGCASES,SSI - Colon Surgery: Predicted Cases,22.087,,01/01/2024,12/31/2024
360242,JAMES CANCER HOSPITAL & SOLOVE RESEARCH INSTITUTE,Acute Care Hospitals,460 WEST TENTH AVENUE,COLUMBUS,OH,43210,FRANKLIN,PCH_6_NUMERATOR,SSI - Colon Surgery: Actual Infections,14,,01/01/2024,12/31/2024
360242,JAMES CANCER HOSPITAL & SOLOVE RESEARCH INSTITUTE,Acute Care Hospitals,460 WEST TENTH AVENUE,COLUMBUS,OH,43210,FRANKLIN,PCH_6_SIR,SSI - Colon Surgery: SIR,0.634,,01/01/2024,12/31/2024
360242,JAMES CANCER HOSPITAL & SOLOVE RESEARCH INSTITUTE,Acute Care Hospitals,460 WEST TENTH AVENUE,COLUMBUS,OH,43210,FRANKLIN,PCH_7_DOPC,SSI - Abdominal Hysterectomy: Number of Procedures,342,,01/01/2024,12/31/2024
360242,JAMES CANCER HOSPITAL & SOLOVE RESEARCH INSTITUTE,Acute Care Hospitals,460 WEST TENTH AVENUE,COLUMBUS,OH,43210,FRANKLIN,PCH_7_ELIGCASES,SSI - Abdominal Hysterectomy: Predicted Cases,5.107,,01/01/2024,12/31/2024
360242,JAMES CANCER HOSPITAL & SOLOVE RESEARCH INSTITUTE,Acute Care Hospitals,460 WEST TENTH AVENUE,COLUMBUS,OH,43210,FRANKLIN,PCH_7_NUMERATOR,SSI - Abdominal Hysterectomy: Actual Infections,0,,01/01/2024,12/31/2024
360242,JAMES CANCER HOSPITAL & SOLOVE RESEARCH INSTITUTE,Acute Care Hospitals,460 WEST TENTH AVENUE,COLUMBUS,OH,43210,FRANKLIN,PCH_7_SIR,SSI - Abdominal Hysterectomy: SIR,0.000,,01/01/2024,12/31/2024
390196,HOSPITAL OF THE FOX CHASE CANCER CENTER,Acute Care Hospitals,333 COTTMAN AVENUE,PHILADELPHIA,PA,19111,PHILADELPHIA,PCH_26_DOPC,Clostridium Difficile (C.Diff): Patient Days,23333,,01/01/2024,12/31/2024
390196,HOSPITAL OF THE FOX CHASE CANCER CENTER,Acute Care Hospitals,333 COTTMAN AVENUE,PHILADELPHIA,PA,19111,PHILADELPHIA,PCH_26_ELIGCASES,Clostridium Difficile (C.Diff): Predicted Cases,14.848,,01/01/2024,12/31/2024
390196,HOSPITAL OF THE FOX CHASE CANCER CENTER,Acute Care Hospitals,333 COTTMAN AVENUE,PHILADELPHIA,PA,19111,PHILADELPHIA,PCH_26_NUMERATOR,Clostridium Difficile (C.Diff): Actual Infections,8,,01/01/2024,12/31/2024
390196,HOSPITAL OF THE FOX CHASE CANCER CENTER,Acute Care Hospitals,333 COTTMAN AVENUE,PHILADELPHIA,PA,19111,PHILADELPHIA,PCH_26_SIR,Clostridium Difficile (C.Diff): SIR,0.539,,01/01/2024,12/31/2024
390196,HOSPITAL OF THE FOX CHASE CANCER CENTER,Acute Care Hospitals,333 COTTMAN AVENUE,PHILADELPHIA,PA,19111,PHILADELPHIA,PCH_27_DOPC,MRSA Bacteremia: Patient Days,23333,,01/01/2024,12/31/2024
390196,HOSPITAL OF THE FOX CHASE CANCER CENTER,Acute Care Hospitals,333 COTTMAN AVENUE,PHILADELPHIA,PA,19111,PHILADELPHIA,PCH_27_ELIGCASES,MRSA Bacteremia: Predicted Cases,1.920,,01/01/2024,12/31/2024
390196,HOSPITAL OF THE FOX CHASE CANCER CENTER,Acute Care Hospitals,333 COTTMAN AVENUE,PHILADELPHIA,PA,19111,PHILADELPHIA,PCH_27_NUMERATOR,MRSA Bacteremia: Actual Infections,0,,01/01/2024,12/31/2024
390196,HOSPITAL OF THE FOX CHASE CANCER CENTER,Acute Care Hospitals,333 COTTMAN AVENUE,PHILADELPHIA,PA,19111,PHILADELPHIA,PCH_27_SIR,MRSA Bacteremia: SIR,0.000,,01/01/2024,12/31/2024
390196,HOSPITAL OF THE FOX CHASE CANCER CENTER,Acute Care Hospitals,333 COTTMAN AVENUE,PHILADELPHIA,PA,19111,PHILADELPHIA,PCH_28_FAC_ADHPCT,Influenza Vaccination Coverage among Healthcare Personnel: Adherence Rate,87,,10/01/2024,03/31/2025
390196,HOSPITAL OF THE FOX CHASE CANCER CENTER,Acute Care Hospitals,333 COTTMAN AVENUE,PHILADELPHIA,PA,19111,PHILADELPHIA,PCH_28_FAC_DEN,Influenza Vaccination Coverage among Healthcare Personnel: Denominator,2689,,10/01/2024,03/31/2025
390196,HOSPITAL OF THE FOX CHASE CANCER CENTER,Acute Care Hospitals,333 COTTMAN AVENUE,PHILADELPHIA,PA,19111,PHILADELPHIA,PCH_38_FAC_ADHPCT,Percentage of healthcare personnel who are up to date with COVID-19 vaccinations: Adherence Rate,0,,10/01/2024,12/31/2024
390196,HOSPITAL OF THE FOX CHASE CANCER CENTER,Acute Care Hospitals,333 COTTMAN AVENUE,PHILADELPHIA,PA,19111,PHILADELPHIA,PCH_38_FAC_DEN,Percentage of healthcare personnel who are up to date with COVID-19 vaccinations: Denominator,2482,,10/01/2024,12/31/2024
390196,HOSPITAL OF THE FOX CHASE CANCER CENTER,Acute Care Hospitals,333 COTTMAN AVENUE,PHILADELPHIA,PA,19111,PHILADELPHIA,PCH_4_DOPC,Central Line-Associated Bloodstream Infection (CLABSI): Number of Procedures,12467,,01/01/2024,12/31/2024
390196,HOSPITAL OF THE FOX CHASE CANCER CENTER,Acute Care Hospitals,333 COTTMAN AVENUE,PHILADELPHIA,PA,19111,PHILADELPHIA,PCH_4_ELIGCASES,Central Line-Associated Bloodstream Infection (CLABSI): Predicted Cases,11.355,,01/01/2024,12/31/2024
390196,HOSPITAL OF THE FOX CHASE CANCER CENTER,Acute Care Hospitals,333 COTTMAN AVENUE,PHILADELPHIA,PA,19111,PHILADELPHIA,PCH_4_NUMERATOR,Central Line-Associated Bloodstream Infection (CLABSI): Actual Infections,3,,01/01/2024,12/31/2024
390196,HOSPITAL OF THE FOX CHASE CANCER CENTER,Acute Care Hospitals,333 COTTMAN AVENUE,PHILADELPHIA,PA,19111,PHILADELPHIA,PCH_4_SIR,Central Line-Associated Bloodstream Infection (CLABSI): SIR,0.264,,01/01/2024,12/31/2024
390196,HOSPITAL OF THE FOX CHASE CANCER CENTER,Acute Care Hospitals,333 COTTMAN AVENUE,PHILADELPHIA,PA,19111,PHILADELPHIA,PCH_5_DOPC,Catheter-Associated Urinary Tract Infections (CAUTI): Number of Procedures,5111,,01/01/2024,12/31/2024
390196,HOSPITAL OF THE FOX CHASE CANCER CENTER,Acute Care Hospitals,333 COTTMAN AVENUE,PHILADELPHIA,PA,19111,PHILADELPHIA,PCH_5_ELIGCASES,Catheter-Associated Urinary Tract Infections (CAUTI): Predicted Cases,5.079,,01/01/2024,12/31/2024
390196,HOSPITAL OF THE FOX CHASE CANCER CENTER,Acute Care Hospitals,333 COTTMAN AVENUE,PHILADELPHIA,PA,19111,PHILADELPHIA,PCH_5_NUMERATOR,Catheter-Associated Urinary Tract Infections (CAUTI): Actual Infections,7,,01/01/2024,12/31/2024
390196,HOSPITAL OF THE FOX CHASE CANCER CENTER,Acute Care Hospitals,333 COTTMAN AVENUE,PHILADELPHIA,PA,19111,PHILADELPHIA,PCH_5_SIR,Catheter-Associated Urinary Tract Infections (CAUTI): SIR,1.378,,01/01/2024,12/31/2024
390196,HOSPITAL OF THE FOX CHASE CANCER CENTER,Acute Care Hospitals,333 COTTMAN AVENUE,PHILADELPHIA,PA,19111,PHILADELPHIA,PCH_6_DOPC,SSI - Colon Surgery: Number of Procedures,222,,01/01/2024,12/31/2024
390196,HOSPITAL OF THE FOX CHASE CANCER CENTER,Acute Care Hospitals,333 COTTMAN AVENUE,PHILADELPHIA,PA,19111,PHILADELPHIA,PCH_6_ELIGCASES,SSI - Colon Surgery: Predicted Cases,9.844,,01/01/2024,12/31/2024
390196,HOSPITAL OF THE FOX CHASE CANCER CENTER,Acute Care Hospitals,333 COTTMAN AVENUE,PHILADELPHIA,PA,19111,PHILADELPHIA,PCH_6_NUMERATOR,SSI - Colon Surgery: Actual Infections,10,,01/01/2024,12/31/2024
390196,HOSPITAL OF THE FOX CHASE CANCER CENTER,Acute Care Hospitals,333 COTTMAN AVENUE,PHILADELPHIA,PA,19111,PHILADELPHIA,PCH_6_SIR,SSI - Colon Surgery: SIR,1.016,,01/01/2024,12/31/2024
390196,HOSPITAL OF THE FOX CHASE CANCER CENTER,Acute Care Hospitals,333 COTTMAN AVENUE,PHILADELPHIA,PA,19111,PHILADELPHIA,PCH_7_DOPC,SSI - Abdominal Hysterectomy: Number of Procedures,240,,01/01/2024,12/31/2024
390196,HOSPITAL OF THE FOX CHASE CANCER CENTER,Acute Care Hospitals,333 COTTMAN AVENUE,PHILADELPHIA,PA,19111,PHILADELPHIA,PCH_7_ELIGCASES,SSI - Abdominal Hysterectomy: Predicted Cases,3.323,,01/01/2024,12/31/2024
390196,HOSPITAL OF THE FOX CHASE CANCER CENTER,Acute Care Hospitals,333 COTTMAN AVENUE,PHILADELPHIA,PA,19111,PHILADELPHIA,PCH_7_NUMERATOR,SSI - Abdominal Hysterectomy: Actual Infections,1,,01/01/2024,12/31/2024
390196,HOSPITAL OF THE FOX CHASE CANCER CENTER,Acute Care Hospitals,333 COTTMAN AVENUE,PHILADELPHIA,PA,19111,PHILADELPHIA,PCH_7_SIR,SSI - Abdominal Hysterectomy: SIR,0.301,,01/01/2024,12/31/2024
450076,"UNIVERSITY OF TEXAS M D ANDERSON CANCER CENTER,THE",Acute Care Hospitals,1515 HOLCOMBE BLVD,HOUSTON,TX,77030,HARRIS,PCH_26_DOPC,Clostridium Difficile (C.Diff): Patient Days,241830,,01/01/2024,12/31/2024
450076,"UNIVERSITY OF TEXAS M D ANDERSON CANCER CENTER,THE",Acute Care Hospitals,1515 HOLCOMBE BLVD,HOUSTON,TX,77030,HARRIS,PCH_26_ELIGCASES,Clostridium Difficile (C.Diff): Predicted Cases,330.142,,01/01/2024,12/31/2024
450076,"UNIVERSITY OF TEXAS M D ANDERSON CANCER CENTER,THE",Acute Care Hospitals,1515 HOLCOMBE BLVD,HOUSTON,TX,77030,HARRIS,PCH_26_NUMERATOR,Clostridium Difficile (C.Diff): Actual Infections,58,,01/01/2024,12/31/2024
450076,"UNIVERSITY OF TEXAS M D ANDERSON CANCER CENTER,THE",Acute Care Hospitals,1515 HOLCOMBE BLVD,HOUSTON,TX,77030,HARRIS,PCH_26_SIR,Clostridium Difficile (C.Diff): SIR,0.176,,01/01/2024,12/31/2024
450076,"UNIVERSITY OF TEXAS M D ANDERSON CANCER CENTER,THE",Acute Care Hospitals,1515 HOLCOMBE BLVD,HOUSTON,TX,77030,HARRIS,PCH_27_DOPC,MRSA Bacteremia: Patient Days,241830,,01/01/2024,12/31/2024
450076,"UNIVERSITY OF TEXAS M D ANDERSON CANCER CENTER,THE",Acute Care Hospitals,1515 HOLCOMBE BLVD,HOUSTON,TX,77030,HARRIS,PCH_27_ELIGCASES,MRSA Bacteremia: Predicted Cases,33.696,,01/01/2024,12/31/2024
450076,"UNIVERSITY OF TEXAS M D ANDERSON CANCER CENTER,THE",Acute Care Hospitals,1515 HOLCOMBE BLVD,HOUSTON,TX,77030,HARRIS,PCH_27_NUMERATOR,MRSA Bacteremia: Actual Infections,17,,01/01/2024,12/31/2024
450076,"UNIVERSITY OF TEXAS M D ANDERSON CANCER CENTER,THE",Acute Care Hospitals,1515 HOLCOMBE BLVD,HOUSTON,TX,77030,HARRIS,PCH_27_SIR,MRSA Bacteremia: SIR,0.505,,01/01/2024,12/31/2024
450076,"UNIVERSITY OF TEXAS M D ANDERSON CANCER CENTER,THE",Acute Care Hospitals,1515 HOLCOMBE BLVD,HOUSTON,TX,77030,HARRIS,PCH_28_FAC_ADHPCT,Influenza Vaccination Coverage among Healthcare Personnel: Adherence Rate,83,,10/01/2024,03/31/2025
450076,"UNIVERSITY OF TEXAS M D ANDERSON CANCER CENTER,THE",Acute Care Hospitals,1515 HOLCOMBE BLVD,HOUSTON,TX,77030,HARRIS,PCH_28_FAC_DEN,Influenza Vaccination Coverage among Healthcare Personnel: Denominator,27692,,10/01/2024,03/31/2025
450076,"UNIVERSITY OF TEXAS M D ANDERSON CANCER CENTER,THE",Acute Care Hospitals,1515 HOLCOMBE BLVD,HOUSTON,TX,77030,HARRIS,PCH_38_FAC_ADHPCT,Percentage of healthcare personnel who are up to date with COVID-19 vaccinations: Adherence Rate,33.4,,10/01/2024,12/31/2024
450076,"UNIVERSITY OF TEXAS M D ANDERSON CANCER CENTER,THE",Acute Care Hospitals,1515 HOLCOMBE BLVD,HOUSTON,TX,77030,HARRIS,PCH_38_FAC_DEN,Percentage of healthcare personnel who are up to date with COVID-19 vaccinations: Denominator,4676,,10/01/2024,12/31/2024
450076,"UNIVERSITY OF TEXAS M D ANDERSON CANCER CENTER,THE",Acute Care Hospitals,1515 HOLCOMBE BLVD,HOUSTON,TX,77030,HARRIS,PCH_4_DOPC,Central Line-Associated Bloodstream Infection (CLABSI): Number of Procedures,143511,,01/01/2024,12/31/2024
450076,"UNIVERSITY OF TEXAS M D ANDERSON CANCER CENTER,THE",Acute Care Hospitals,1515 HOLCOMBE BLVD,HOUSTON,TX,77030,HARRIS,PCH_4_ELIGCASES,Central Line-Associated Bloodstream Infection (CLABSI): Predicted Cases,158.978,,01/01/2024,12/31/2024
450076,"UNIVERSITY OF TEXAS M D ANDERSON CANCER CENTER,THE",Acute Care Hospitals,1515 HOLCOMBE BLVD,HOUSTON,TX,77030,HARRIS,PCH_4_NUMERATOR,Central Line-Associated Bloodstream Infection (CLABSI): Actual Infections,54,,01/01/2024,12/31/2024
450076,"UNIVERSITY OF TEXAS M D ANDERSON CANCER CENTER,THE",Acute Care Hospitals,1515 HOLCOMBE BLVD,HOUSTON,TX,77030,HARRIS,PCH_4_SIR,Central Line-Associated Bloodstream Infection (CLABSI): SIR,0.340,,01/01/2024,12/31/2024
450076,"UNIVERSITY OF TEXAS M D ANDERSON CANCER CENTER,THE",Acute Care Hospitals,1515 HOLCOMBE BLVD,HOUSTON,TX,77030,HARRIS,PCH_5_DOPC,Catheter-Associated Urinary Tract Infections (CAUTI): Number of Procedures,31598,,01/01/2024,12/31/2024
450076,"UNIVERSITY OF TEXAS M D ANDERSON CANCER CENTER,THE",Acute Care Hospitals,1515 HOLCOMBE BLVD,HOUSTON,TX,77030,HARRIS,PCH_5_ELIGCASES,Catheter-Associated Urinary Tract Infections (CAUTI): Predicted Cases,28.801,,01/01/2024,12/31/2024
450076,"UNIVERSITY OF TEXAS M D ANDERSON CANCER CENTER,THE",Acute Care Hospitals,1515 HOLCOMBE BLVD,HOUSTON,TX,77030,HARRIS,PCH_5_NUMERATOR,Catheter-Associated Urinary Tract Infections (CAUTI): Actual Infections,21,,01/01/2024,12/31/2024
450076,"UNIVERSITY OF TEXAS M D ANDERSON CANCER CENTER,THE",Acute Care Hospitals,1515 HOLCOMBE BLVD,HOUSTON,TX,77030,HARRIS,PCH_5_SIR,Catheter-Associated Urinary Tract Infections (CAUTI): SIR,0.729,,01/01/2024,12/31/2024
450076,"UNIVERSITY OF TEXAS M D ANDERSON CANCER CENTER,THE",Acute Care Hospitals,1515 HOLCOMBE BLVD,HOUSTON,TX,77030,HARRIS,PCH_6_DOPC,SSI - Colon Surgery: Number of Procedures,779,,01/01/2024,12/31/2024
450076,"UNIVERSITY OF TEXAS M D ANDERSON CANCER CENTER,THE",Acute Care Hospitals,1515 HOLCOMBE BLVD,HOUSTON,TX,77030,HARRIS,PCH_6_ELIGCASES,SSI - Colon Surgery: Predicted Cases,38.000,,01/01/2024,12/31/2024
450076,"UNIVERSITY OF TEXAS M D ANDERSON CANCER CENTER,THE",Acute Care Hospitals,1515 HOLCOMBE BLVD,HOUSTON,TX,77030,HARRIS,PCH_6_NUMERATOR,SSI - Colon Surgery: Actual Infections,19,,01/01/2024,12/31/2024
450076,"UNIVERSITY OF TEXAS M D ANDERSON CANCER CENTER,THE",Acute Care Hospitals,1515 HOLCOMBE BLVD,HOUSTON,TX,77030,HARRIS,PCH_6_SIR,SSI - Colon Surgery: SIR,0.500,,01/01/2024,12/31/2024
450076,"UNIVERSITY OF TEXAS M D ANDERSON CANCER CENTER,THE",Acute Care Hospitals,1515 HOLCOMBE BLVD,HOUSTON,TX,77030,HARRIS,PCH_7_DOPC,SSI - Abdominal Hysterectomy: Number of Procedures,263,,01/01/2024,12/31/2024
450076,"UNIVERSITY OF TEXAS M D ANDERSON CANCER CENTER,THE",Acute Care Hospitals,1515 HOLCOMBE BLVD,HOUSTON,TX,77030,HARRIS,PCH_7_ELIGCASES,SSI - Abdominal Hysterectomy: Predicted Cases,3.747,,01/01/2024,12/31/2024
450076,"UNIVERSITY OF TEXAS M D ANDERSON CANCER CENTER,THE",Acute Care Hospitals,1515 HOLCOMBE BLVD,HOUSTON,TX,77030,HARRIS,PCH_7_NUMERATOR,SSI - Abdominal Hysterectomy: Actual Infections,3,,01/01/2024,12/31/2024
450076,"UNIVERSITY OF TEXAS M D ANDERSON CANCER CENTER,THE",Acute Care Hospitals,1515 HOLCOMBE BLVD,HOUSTON,TX,77030,HARRIS,PCH_7_SIR,SSI - Abdominal Hysterectomy: SIR,0.801,,01/01/2024,12/31/2024
500138,FRED HUTCHINSON CANCER INSTITUTE,Acute Care Hospitals,825 EASTLAKE AVENUE EAST,SEATTLE,WA,98109,KING,PCH_26_DOPC,Clostridium Difficile (C.Diff): Patient Days,6638,,01/01/2024,12/31/2024
500138,FRED HUTCHINSON CANCER INSTITUTE,Acute Care Hospitals,825 EASTLAKE AVENUE EAST,SEATTLE,WA,98109,KING,PCH_26_ELIGCASES,Clostridium Difficile (C.Diff): Predicted Cases,3.214,,01/01/2024,12/31/2024
500138,FRED HUTCHINSON CANCER INSTITUTE,Acute Care Hospitals,825 EASTLAKE AVENUE EAST,SEATTLE,WA,98109,KING,PCH_26_NUMERATOR,Clostridium Difficile (C.Diff): Actual Infections,7,,01/01/2024,12/31/2024
500138,FRED HUTCHINSON CANCER INSTITUTE,Acute Care Hospitals,825 EASTLAKE AVENUE EAST,SEATTLE,WA,98109,KING,PCH_26_SIR,Clostridium Difficile (C.Diff): SIR,2.178,,01/01/2024,12/31/2024
500138,FRED HUTCHINSON CANCER INSTITUTE,Acute Care Hospitals,825 EASTLAKE AVENUE EAST,SEATTLE,WA,98109,KING,PCH_27_DOPC,MRSA Bacteremia: Patient Days,6638,13,01/01/2024,12/31/2024
500138,FRED HUTCHINSON CANCER INSTITUTE,Acute Care Hospitals,825 EASTLAKE AVENUE EAST,SEATTLE,WA,98109,KING,PCH_27_ELIGCASES,MRSA Bacteremia: Predicted Cases,0.428,13,01/01/2024,12/31/2024
500138,FRED HUTCHINSON CANCER INSTITUTE,Acute Care Hospitals,825 EASTLAKE AVENUE EAST,SEATTLE,WA,98109,KING,PCH_27_NUMERATOR,MRSA Bacteremia: Actual Infections,0,13,01/01/2024,12/31/2024
500138,FRED HUTCHINSON CANCER INSTITUTE,Acute Care Hospitals,825 EASTLAKE AVENUE EAST,SEATTLE,WA,98109,KING,PCH_27_SIR,MRSA Bacteremia: SIR,Not Available,13,01/01/2024,12/31/2024
500138,FRED HUTCHINSON CANCER INSTITUTE,Acute Care Hospitals,825 EASTLAKE AVENUE EAST,SEATTLE,WA,98109,KING,PCH_28_FAC_ADHPCT,Influenza Vaccination Coverage among Healthcare Personnel: Adherence Rate,55,,10/01/2024,03/31/2025
500138,FRED HUTCHINSON CANCER INSTITUTE,Acute Care Hospitals,825 EASTLAKE AVENUE EAST,SEATTLE,WA,98109,KING,PCH_28_FAC_DEN,Influenza Vaccination Coverage among Healthcare Personnel: Denominator,7978,,10/01/2024,03/31/2025
500138,FRED HUTCHINSON CANCER INSTITUTE,Acute Care Hospitals,825 EASTLAKE AVENUE EAST,SEATTLE,WA,98109,KING,PCH_38_FAC_ADHPCT,Percentage of healthcare personnel who are up to date with COVID-19 vaccinations: Adherence Rate,32.6,,10/01/2024,12/31/2024
500138,FRED HUTCHINSON CANCER INSTITUTE,Acute Care Hospitals,825 EASTLAKE AVENUE EAST,SEATTLE,WA,98109,KING,PCH_38_FAC_DEN,Percentage of healthcare personnel who are up to date with COVID-19 vaccinations: Denominator,8650,,10/01/2024,12/31/2024
500138,FRED HUTCHINSON CANCER INSTITUTE,Acute Care Hospitals,825 EASTLAKE AVENUE EAST,SEATTLE,WA,98109,KING,PCH_4_DOPC,Central Line-Associated Bloodstream Infection (CLABSI): Number of Procedures,6009,,01/01/2024,12/31/2024
500138,FRED HUTCHINSON CANCER INSTITUTE,Acute Care Hospitals,825 EASTLAKE AVENUE EAST,SEATTLE,WA,98109,KING,PCH_4_ELIGCASES,Central Line-Associated Bloodstream Infection (CLABSI): Predicted Cases,7.530,,01/01/2024,12/31/2024
500138,FRED HUTCHINSON CANCER INSTITUTE,Acute Care Hospitals,825 EASTLAKE AVENUE EAST,SEATTLE,WA,98109,KING,PCH_4_NUMERATOR,Central Line-Associated Bloodstream Infection (CLABSI): Actual Infections,13,,01/01/2024,12/31/2024
500138,FRED HUTCHINSON CANCER INSTITUTE,Acute Care Hospitals,825 EASTLAKE AVENUE EAST,SEATTLE,WA,98109,KING,PCH_4_SIR,Central Line-Associated Bloodstream Infection (CLABSI): SIR,1.726,,01/01/2024,12/31/2024
500138,FRED HUTCHINSON CANCER INSTITUTE,Acute Care Hospitals,825 EASTLAKE AVENUE EAST,SEATTLE,WA,98109,KING,PCH_5_DOPC,Catheter-Associated Urinary Tract Infections (CAUTI): Number of Procedures,256,13,01/01/2024,12/31/2024
500138,FRED HUTCHINSON CANCER INSTITUTE,Acute Care Hospitals,825 EASTLAKE AVENUE EAST,SEATTLE,WA,98109,KING,PCH_5_ELIGCASES,Catheter-Associated Urinary Tract Infections (CAUTI): Predicted Cases,0.262,13,01/01/2024,12/31/2024
500138,FRED HUTCHINSON CANCER INSTITUTE,Acute Care Hospitals,825 EASTLAKE AVENUE EAST,SEATTLE,WA,98109,KING,PCH_5_NUMERATOR,Catheter-Associated Urinary Tract Infections (CAUTI): Actual Infections,1,13,01/01/2024,12/31/2024
500138,FRED HUTCHINSON CANCER INSTITUTE,Acute Care Hospitals,825 EASTLAKE AVENUE EAST,SEATTLE,WA,98109,KING,PCH_5_SIR,Catheter-Associated Urinary Tract Infections (CAUTI): SIR,Not Available,13,01/01/2024,12/31/2024
500138,FRED HUTCHINSON CANCER INSTITUTE,Acute Care Hospitals,825 EASTLAKE AVENUE EAST,SEATTLE,WA,98109,KING,PCH_6_DOPC,SSI - Colon Surgery: Number of Procedures,Not Available,12,01/01/2024,12/31/2024
500138,FRED HUTCHINSON CANCER INSTITUTE,Acute Care Hospitals,825 EASTLAKE AVENUE EAST,SEATTLE,WA,98109,KING,PCH_6_ELIGCASES,SSI - Colon Surgery: Predicted Cases,Not Available,12,01/01/2024,12/31/2024
500138,FRED HUTCHINSON CANCER INSTITUTE,Acute Care Hospitals,825 EASTLAKE AVENUE EAST,SEATTLE,WA,98109,KING,PCH_6_NUMERATOR,SSI - Colon Surgery: Actual Infections,Not Available,12,01/01/2024,12/31/2024
500138,FRED HUTCHINSON CANCER INSTITUTE,Acute Care Hospitals,825 EASTLAKE AVENUE EAST,SEATTLE,WA,98109,KING,PCH_6_SIR,SSI - Colon Surgery: SIR,Not Available,12,01/01/2024,12/31/2024
500138,FRED HUTCHINSON CANCER INSTITUTE,Acute Care Hospitals,825 EASTLAKE AVENUE EAST,SEATTLE,WA,98109,KING,PCH_7_DOPC,SSI - Abdominal Hysterectomy: Number of Procedures,Not Available,12,01/01/2024,12/31/2024
500138,FRED HUTCHINSON CANCER INSTITUTE,Acute Care Hospitals,825 EASTLAKE AVENUE EAST,SEATTLE,WA,98109,KING,PCH_7_ELIGCASES,SSI - Abdominal Hysterectomy: Predicted Cases,Not Available,12,01/01/2024,12/31/2024
500138,FRED HUTCHINSON CANCER INSTITUTE,Acute Care Hospitals,825 EASTLAKE AVENUE EAST,SEATTLE,WA,98109,KING,PCH_7_NUMERATOR,SSI - Abdominal Hysterectomy: Actual Infections,Not Available,12,01/01/2024,12/31/2024
500138,FRED HUTCHINSON CANCER INSTITUTE,Acute Care Hospitals,825 EASTLAKE AVENUE EAST,SEATTLE,WA,98109,KING,PCH_7_SIR,SSI - Abdominal Hysterectomy: SIR,Not Available,12,01/01/2024,12/31/2024
